Market,Question,Duration,Side,Entry,Outcome,Won,P/L,Edge,Trades,Resolved At
MKT-6E6605,"XRP Up or Down - April 11, 12:00PM-12:15PM ET",15,UP,0.7600,UP,Y,0.3576,21.7,,2026-04-11T16:21:20.990294Z
MKT-BAAA5B,"Solana Up or Down - April 11, 12:00PM-12:15PM ET",15,DOWN,0.6800,UP,N,-0.8747,59.4,,2026-04-11T16:20:58.660571Z
MKT-68FEFC,"Bitcoin Up or Down - April 11, 12:00PM-12:15PM ET",15,DOWN,0.7800,UP,N,-1.2747,78.0,,2026-04-11T16:20:58.617774Z
MKT-5DDCAE,"Ethereum Up or Down - April 11, 12:00PM-12:15PM ET",15,DOWN,0.9000,DOWN,Y,0.1185,88.8,,2026-04-11T16:20:35.807880Z
MKT-E9BB5D,"Bitcoin Up or Down - April 11, 12:05PM-12:10PM ET",5,UP,0.2900,DOWN,N,-1.3203,71.0,,2026-04-11T16:14:48.107473Z
MKT-631B9C,"Solana Up or Down - April 11, 11:45AM-12:00PM ET",15,DOWN,0.3300,UP,N,-0.2542,22.6,,2026-04-11T16:06:25.988482Z
MKT-007AB8,"Bitcoin Up or Down - April 11, 11:45AM-12:00PM ET",15,DOWN,0.1800,UP,N,-1.5216,17.8,,2026-04-11T16:05:28.108939Z
MKT-CD8111,"Ethereum Up or Down - April 11, 11:45AM-12:00PM ET",15,DOWN,0.3200,UP,N,-0.3976,17.8,,2026-04-11T16:05:16.449383Z
MKT-B00965,"XRP Up or Down - April 11, 11:45AM-12:00PM ET",15,UP,0.6900,UP,Y,0.6607,30.6,,2026-04-11T16:05:05.176953Z
MKT-CF1767,"Ethereum Up or Down - April 11, 11:30AM-11:45AM ET",15,DOWN,0.6700,DOWN,Y,0.3919,51.3,,2026-04-11T15:50:55.744049Z
MKT-B44570,"Bitcoin Up or Down - April 11, 11:30AM-11:45AM ET",15,DOWN,0.4100,UP,N,-1.0481,22.6,,2026-04-11T15:50:34.746570Z
MKT-6D78AB,"XRP Up or Down - April 11, 11:30AM-11:45AM ET",15,UP,0.7400,UP,Y,0.4587,23.1,,2026-04-11T15:50:13.492423Z
MKT-E0B889,"Solana Up or Down - April 11, 11:30AM-11:45AM ET",15,DOWN,0.7000,DOWN,Y,0.3990,58.7,,2026-04-11T15:50:02.681888Z
MKT-4D2185,"Bitcoin Up or Down - April 11, 11:15AM-11:30AM ET",15,DOWN,0.1400,UP,N,-0.4474,46.7,,2026-04-11T15:35:45.296887Z
MKT-E9D9D7,"XRP Up or Down - April 11, 11:15AM-11:30AM ET",15,DOWN,0.2100,UP,N,-1.0187,4.2,,2026-04-11T15:35:24.232342Z
MKT-5D22A4,"Ethereum Up or Down - April 11, 11:15AM-11:30AM ET",15,DOWN,0.1100,UP,N,-0.2376,64.0,,2026-04-11T15:35:13.663234Z
MKT-1D793B,"Bitcoin Up or Down - April 11, 11:00AM-11:15AM ET",15,DOWN,0.6100,UP,N,-1.5260,61.0,,2026-04-11T15:20:22.709898Z
MKT-7EE8A1,"XRP Up or Down - April 11, 11:00AM-11:15AM ET",15,DOWN,0.3500,UP,N,-1.2304,25.4,,2026-04-11T15:20:12.278774Z
MKT-2EDC48,"Solana Up or Down - April 11, 11:00AM-11:15AM ET",15,UP,0.1900,UP,Y,1.2562,15.7,,2026-04-11T15:20:12.253346Z
MKT-410102,"Ethereum Up or Down - April 11, 11:00AM-11:15AM ET",15,UP,0.4200,UP,Y,0.3253,9.0,,2026-04-11T15:20:01.686221Z
MKT-87D388,"Bitcoin Up or Down - April 11, 10:45AM-11:00AM ET",15,UP,0.5700,UP,Y,0.7868,29.5,,2026-04-11T15:05:31.543248Z
MKT-13EB01,"Ethereum Up or Down - April 11, 10:45AM-11:00AM ET",15,UP,0.7300,UP,Y,0.4172,20.0,,2026-04-11T15:05:20.842717Z
MKT-7E5FDF,"XRP Up or Down - April 11, 10:45AM-11:00AM ET",15,DOWN,0.4700,UP,N,-1.4493,47.0,,2026-04-11T15:05:10.115041Z
MKT-A2AC78,"Solana Up or Down - April 11, 10:45AM-11:00AM ET",15,DOWN,0.3400,UP,N,-1.1232,30.7,,2026-04-11T15:04:48.904543Z
MKT-C3BEB6,"Bitcoin Up or Down - April 11, 10:30AM-10:45AM ET",15,UP,0.4500,DOWN,N,-0.5850,21.4,,2026-04-11T14:50:39.860502Z
MKT-ED43F4,"XRP Up or Down - April 11, 10:30AM-10:45AM ET",15,DOWN,0.7400,DOWN,Y,0.3964,68.3,,2026-04-11T14:50:29.124171Z
MKT-D192C7,"Ethereum Up or Down - April 11, 10:30AM-10:45AM ET",15,UP,0.4600,DOWN,N,-1.1476,41.4,,2026-04-11T14:50:18.355251Z
MKT-169745,"Solana Up or Down - April 11, 10:30AM-10:45AM ET",15,UP,0.3200,DOWN,N,-1.4062,66.5,,2026-04-11T14:49:57.027911Z
MKT-18B8CD,"Bitcoin Up or Down - April 11, 10:15AM-10:30AM ET",15,UP,0.6800,UP,Y,0.3529,16.1,,2026-04-11T14:36:07.875722Z
MKT-9EC7CF,"XRP Up or Down - April 11, 10:15AM-10:30AM ET",15,DOWN,0.7100,DOWN,Y,0.5079,66.8,,2026-04-11T14:35:36.478341Z
MKT-B52379,"Solana Up or Down - April 11, 10:15AM-10:30AM ET",15,DOWN,0.3500,UP,N,-1.3869,34.9,,2026-04-11T14:35:04.740935Z
MKT-09E979,"Ethereum Up or Down - April 11, 10:15AM-10:30AM ET",15,UP,0.6600,DOWN,N,-0.7559,17.3,,2026-04-11T14:34:54.195627Z
MKT-42F716,"Bitcoin Up or Down - April 11, 10:00AM-10:15AM ET",15,UP,0.4800,UP,Y,1.9147,52.0,,2026-04-11T14:20:02.824061Z
MKT-7C9F34,"Solana Up or Down - April 11, 9:45AM-10:00AM ET",15,DOWN,0.4200,DOWN,Y,1.0108,17.8,,2026-04-11T14:05:36.108242Z
MKT-B70FE6,"XRP Up or Down - April 11, 9:45AM-10:00AM ET",15,UP,0.6800,UP,Y,0.4393,24.3,,2026-04-11T14:05:36.086475Z
MKT-F1D661,"Ethereum Up or Down - April 11, 9:45AM-10:00AM ET",15,DOWN,0.4000,DOWN,Y,1.7828,37.9,,2026-04-11T14:05:36.058508Z
MKT-B307AC,"Bitcoin Up or Down - April 11, 9:45AM-10:00AM ET",15,DOWN,0.4400,DOWN,Y,1.6165,44.0,,2026-04-11T14:05:25.480290Z
MKT-685838,"Bitcoin Up or Down - April 11, 9:50AM-9:55AM ET",5,DOWN,0.7700,DOWN,Y,0.3928,77.0,,2026-04-11T13:59:44.834617Z
MKT-1FA7E3,"Bitcoin Up or Down - April 11, 9:30AM-9:45AM ET",15,DOWN,0.4500,UP,N,-0.3072,1.4,,2026-04-11T13:51:13.103971Z
MKT-8DD4C9,"Ethereum Up or Down - April 11, 9:30AM-9:45AM ET",15,DOWN,0.5200,UP,N,-0.5086,20.8,,2026-04-11T13:51:02.565470Z
MKT-1986BC,"XRP Up or Down - April 11, 9:30AM-9:45AM ET",15,UP,0.6100,UP,Y,0.4931,22.2,,2026-04-11T13:50:20.587788Z
MKT-263442,"Solana Up or Down - April 11, 9:30AM-9:45AM ET",15,DOWN,0.5500,UP,N,-0.5402,26.7,,2026-04-11T13:50:09.921480Z
MKT-88BAD1,"Bitcoin Up or Down - April 11, 9:15AM-9:30AM ET",15,UP,0.5700,UP,Y,1.3354,43.0,,2026-04-11T13:35:31.340828Z
MKT-66A68D,"Ethereum Up or Down - April 11, 9:15AM-9:30AM ET",15,UP,0.6000,UP,Y,1.1756,39.9,,2026-04-11T13:35:20.791086Z
MKT-1C7333,"Solana Up or Down - April 11, 9:00AM-9:15AM ET",15,DOWN,0.8200,DOWN,Y,0.2448,80.4,,2026-04-11T13:21:24.885875Z
MKT-DBEA14,"XRP Up or Down - April 11, 9:00AM-9:15AM ET",15,DOWN,0.7000,DOWN,Y,0.4690,66.4,,2026-04-11T13:20:11.289624Z
MKT-C7141E,"Bitcoin Up or Down - April 11, 8:45AM-9:00AM ET",15,DOWN,0.5300,DOWN,Y,0.8543,35.7,,2026-04-11T13:05:53.756574Z
MKT-3A169B,"Ethereum Up or Down - April 11, 8:45AM-9:00AM ET",15,DOWN,0.5600,DOWN,Y,0.7410,39.5,,2026-04-11T13:05:43.287206Z
MKT-820BA7,"XRP Up or Down - April 11, 8:45AM-9:00AM ET",15,DOWN,0.6100,DOWN,Y,0.8413,55.8,,2026-04-11T13:05:32.469564Z
MKT-7E36B6,"Solana Up or Down - April 11, 8:45AM-9:00AM ET",15,DOWN,0.8500,DOWN,Y,0.2453,84.4,,2026-04-11T13:05:11.140769Z
MKT-52BC30,"Solana Up or Down - April 11, 8:30AM-8:45AM ET",15,UP,0.3800,UP,Y,2.3948,60.3,,2026-04-11T12:50:33.353280Z
MKT-27CBA9,"Ethereum Up or Down - April 11, 8:30AM-8:45AM ET",15,UP,0.8200,UP,Y,0.2343,12.7,,2026-04-11T12:50:12.423964Z
MKT-23E53A,"Bitcoin Up or Down - April 11, 8:30AM-8:45AM ET",15,UP,0.4700,UP,Y,0.7412,23.0,,2026-04-11T12:50:12.344464Z
MKT-D935B0,"XRP Up or Down - April 11, 8:30AM-8:45AM ET",15,UP,0.7200,UP,Y,0.5571,27.9,,2026-04-11T12:49:50.773430Z
MKT-E28CDF,"Solana Up or Down - April 11, 8:15AM-8:30AM ET",15,UP,0.4300,UP,Y,0.7169,21.6,,2026-04-11T12:36:06.067679Z
MKT-C8502F,"Ethereum Up or Down - April 11, 8:15AM-8:30AM ET",15,UP,0.3900,DOWN,N,-1.0897,45.3,,2026-04-11T12:35:44.991395Z
MKT-2200B8,"XRP Up or Down - April 11, 8:15AM-8:30AM ET",15,UP,0.5200,DOWN,N,-1.4118,47.8,,2026-04-11T12:35:24.036995Z
MKT-9D7FDB,"Bitcoin Up or Down - April 11, 8:15AM-8:30AM ET",15,DOWN,0.6800,DOWN,Y,0.6542,65.8,,2026-04-11T12:35:13.273947Z
MKT-D2A0FC,"Bitcoin Up or Down - April 11, 8:00AM-8:15AM ET",15,DOWN,0.5400,UP,N,-1.7740,54.0,,2026-04-11T12:20:36.610281Z
MKT-86536D,"Ethereum Up or Down - April 11, 7:45AM-8:00AM ET",15,UP,0.9000,UP,Y,0.1380,10.0,,2026-04-11T12:05:38.416530Z
MKT-FEFF6C,"XRP Up or Down - April 11, 7:45AM-8:00AM ET",15,UP,0.7100,UP,Y,0.4934,28.3,,2026-04-11T12:05:27.940095Z
MKT-949052,"Solana Up or Down - April 11, 7:45AM-8:00AM ET",15,UP,0.7500,UP,Y,0.3963,23.5,,2026-04-11T12:05:27.893292Z
MKT-6114F2,"Bitcoin Up or Down - April 11, 7:45AM-8:00AM ET",15,UP,0.6800,UP,Y,0.5986,32.0,,2026-04-11T12:05:06.498775Z
MKT-F7C7E6,"Ethereum Up or Down - April 11, 7:50AM-7:55AM ET",5,UP,0.8100,UP,Y,0.2998,18.8,,2026-04-11T11:59:09.240513Z
MKT-9CE52D,"Ethereum Up or Down - April 11, 7:30AM-7:45AM ET",15,UP,0.5800,UP,Y,0.6857,26.1,,2026-04-11T11:51:23.302989Z
MKT-2F38F8,"Bitcoin Up or Down - April 11, 7:30AM-7:45AM ET",15,UP,0.5500,UP,Y,1.2380,44.6,,2026-04-11T11:50:31.075478Z
MKT-9BF5F2,"XRP Up or Down - April 11, 7:30AM-7:45AM ET",15,UP,0.5800,UP,Y,1.0418,41.9,,2026-04-11T11:50:20.588447Z
MKT-479FAA,"Solana Up or Down - April 11, 7:30AM-7:45AM ET",15,UP,0.6400,UP,Y,0.4359,20.1,,2026-04-11T11:50:10.072674Z
MKT-8C4CDE,"XRP Up or Down - April 11, 7:15AM-7:30AM ET",15,DOWN,0.5200,DOWN,Y,1.2867,50.0,,2026-04-11T11:35:34.511784Z
MKT-3CE7E6,"Bitcoin Up or Down - April 11, 7:15AM-7:30AM ET",15,DOWN,0.5300,DOWN,Y,1.1226,44.9,,2026-04-11T11:35:23.619689Z
MKT-A53E0F,"Ethereum Up or Down - April 11, 7:15AM-7:30AM ET",15,UP,0.4800,DOWN,N,-1.1940,41.0,,2026-04-11T11:35:12.775847Z
MKT-2B2DD6,"Solana Up or Down - April 11, 7:15AM-7:30AM ET",15,DOWN,0.3100,UP,N,-0.8578,1.0,,2026-04-11T11:35:00.445122Z
MKT-D2590C,"XRP Up or Down - April 11, 7:00AM-7:15AM ET",15,UP,0.3200,UP,Y,1.6123,36.0,,2026-04-11T11:20:34.335090Z
MKT-F1BB66,"Bitcoin Up or Down - April 11, 7:00AM-7:15AM ET",15,UP,0.4900,UP,Y,0.6349,21.1,,2026-04-11T11:20:34.296857Z
MKT-DA55D0,"Solana Up or Down - April 11, 7:00AM-7:15AM ET",15,UP,0.5400,DOWN,N,-1.3939,45.3,,2026-04-11T11:20:23.697723Z
MKT-5DF90F,"Ethereum Up or Down - April 11, 7:00AM-7:15AM ET",15,UP,0.4700,UP,Y,0.4346,13.9,,2026-04-11T11:20:23.671851Z
MKT-C8575E,"Bitcoin Up or Down - April 11, 6:45AM-7:00AM ET",15,UP,0.5600,UP,Y,1.3935,44.0,,2026-04-11T11:05:04.036880Z
MKT-77ED4E,"Solana Up or Down - April 11, 6:30AM-6:45AM ET",15,DOWN,0.7500,DOWN,Y,0.4138,75.0,,2026-04-11T10:50:27.009197Z
MKT-2D8C77,"Ethereum Up or Down - April 11, 6:30AM-6:45AM ET",15,DOWN,0.7900,DOWN,Y,0.3310,78.9,,2026-04-11T10:50:16.475757Z
MKT-B72E02,"Bitcoin Up or Down - April 11, 6:30AM-6:45AM ET",15,DOWN,0.8900,DOWN,Y,0.1570,89.0,,2026-04-11T10:50:05.895687Z
MKT-A044B8,"XRP Up or Down - April 11, 6:30AM-6:45AM ET",15,DOWN,0.8100,DOWN,Y,0.2872,81.0,,2026-04-11T10:49:55.211964Z
MKT-184C2B,"Solana Up or Down - April 11, 6:15AM-6:30AM ET",15,DOWN,0.7600,UP,N,-1.2348,72.6,,2026-04-11T10:36:10.724992Z
MKT-E394D2,"XRP Up or Down - April 11, 6:15AM-6:30AM ET",15,UP,0.5500,UP,Y,0.5789,22.7,,2026-04-11T10:36:00.297976Z
MKT-3415C3,"Ethereum Up or Down - April 11, 6:15AM-6:30AM ET",15,UP,0.6100,UP,Y,0.3414,14.5,,2026-04-11T10:35:28.891078Z
MKT-E0DAF6,"Bitcoin Up or Down - April 11, 6:15AM-6:30AM ET",15,UP,0.4400,UP,Y,0.9242,27.1,,2026-04-11T10:35:28.856995Z
MKT-F22512,"Bitcoin Up or Down - April 11, 6:00AM-6:15AM ET",15,UP,0.4800,DOWN,N,-0.6343,20.2,,2026-04-11T10:21:03.981991Z
MKT-5500A0,"Ethereum Up or Down - April 11, 6:00AM-6:15AM ET",15,UP,0.6400,DOWN,N,-1.0679,23.6,,2026-04-11T10:20:42.972037Z
MKT-716BA8,"XRP Up or Down - April 11, 6:00AM-6:15AM ET",15,UP,0.4800,DOWN,N,-1.5693,52.0,,2026-04-11T10:20:00.791910Z
MKT-59CD92,"Solana Up or Down - April 11, 6:00AM-6:15AM ET",15,DOWN,0.4300,DOWN,Y,1.4797,26.1,,2026-04-11T10:20:00.762874Z
MKT-2A540E,"Bitcoin Up or Down - April 11, 5:45AM-6:00AM ET",15,UP,0.4800,UP,Y,1.9016,51.6,,2026-04-11T10:05:14.464107Z
MKT-7E214C,"Ethereum Up or Down - April 11, 5:30AM-5:45AM ET",15,DOWN,0.6900,DOWN,Y,0.5539,67.9,,2026-04-11T09:50:46.687264Z
MKT-465166,"Bitcoin Up or Down - April 11, 5:30AM-5:45AM ET",15,DOWN,0.6600,DOWN,Y,0.6403,65.0,,2026-04-11T09:50:25.729366Z
MKT-9CB727,"Solana Up or Down - April 11, 5:30AM-5:45AM ET",15,DOWN,0.4800,DOWN,Y,0.9102,31.4,,2026-04-11T09:50:04.501605Z
MKT-B45565,"XRP Up or Down - April 11, 5:15AM-5:30AM ET",15,DOWN,0.1200,UP,N,-0.4444,49.0,,2026-04-11T09:35:24.434193Z
MKT-93CC2D,"Solana Up or Down - April 11, 5:00AM-5:15AM ET",15,UP,0.6900,UP,Y,0.4979,23.3,,2026-04-11T09:20:25.551123Z
MKT-52288E,"Bitcoin Up or Down - April 11, 5:00AM-5:15AM ET",15,DOWN,0.4700,UP,N,-0.6644,17.4,,2026-04-11T09:20:25.500346Z
MKT-9C5B2D,"XRP Up or Down - April 11, 5:00AM-5:15AM ET",15,UP,0.5400,DOWN,N,-0.7278,23.4,,2026-04-11T09:19:53.803379Z
MKT-0F1670,"Ethereum Up or Down - April 11, 5:00AM-5:15AM ET",15,DOWN,0.3700,UP,N,-1.3198,31.6,,2026-04-11T09:19:53.771107Z
MKT-2DF62C,"Bitcoin Up or Down - April 11, 4:45AM-5:00AM ET",15,DOWN,0.5000,DOWN,Y,1.2700,36.0,,2026-04-11T09:05:59.507761Z
MKT-0ABC28,"Bitcoin Up or Down - April 11, 4:30AM-4:45AM ET",15,DOWN,0.7900,DOWN,Y,0.3144,77.3,,2026-04-11T08:50:41.007891Z
MKT-5F0D4B,"Solana Up or Down - April 11, 4:30AM-4:45AM ET",15,UP,0.5500,UP,Y,0.7381,33.0,,2026-04-11T08:50:19.924470Z
MKT-5D21C3,"XRP Up or Down - April 11, 4:30AM-4:45AM ET",15,DOWN,0.6100,DOWN,Y,0.7052,60.8,,2026-04-11T08:50:19.898041Z
MKT-7CB4C3,"Ethereum Up or Down - April 11, 4:30AM-4:45AM ET",15,DOWN,0.7100,UP,N,-1.2320,70.1,,2026-04-11T08:50:19.868080Z
MKT-8224C9,"Bitcoin Up or Down - April 11, 4:35AM-4:40AM ET",5,UP,0.6100,DOWN,N,-1.1782,34.2,,2026-04-11T08:44:13.219189Z
MKT-8F7118,"Solana Up or Down - April 11, 4:15AM-4:30AM ET",15,DOWN,0.4600,DOWN,Y,0.6374,11.7,,2026-04-11T08:35:43.193721Z
MKT-B36752,"Bitcoin Up or Down - April 11, 4:15AM-4:30AM ET",15,DOWN,0.4800,DOWN,Y,1.3888,39.7,,2026-04-11T08:35:11.713103Z
MKT-DDEF98,"XRP Up or Down - April 11, 4:15AM-4:30AM ET",15,DOWN,0.6600,DOWN,Y,0.3335,47.2,,2026-04-11T08:35:01.047115Z
MKT-C169D4,"Ethereum Up or Down - April 11, 4:15AM-4:30AM ET",15,UP,0.5300,DOWN,N,-1.4063,43.9,,2026-04-11T08:34:50.343631Z
MKT-4A2A74,"XRP Up or Down - April 11, 4:00AM-4:15AM ET",15,DOWN,0.6200,UP,N,-1.0658,52.1,,2026-04-11T08:20:35.691429Z
MKT-3AC609,"Ethereum Up or Down - April 11, 4:00AM-4:15AM ET",15,UP,0.4500,UP,Y,1.5555,48.0,,2026-04-11T08:20:25.307797Z
MKT-BB6E55,"Solana Up or Down - April 11, 4:00AM-4:15AM ET",15,UP,0.5500,UP,Y,0.3743,17.9,,2026-04-11T08:20:14.701132Z
MKT-68716A,"Bitcoin Up or Down - April 11, 4:00AM-4:15AM ET",15,UP,0.4200,UP,Y,1.9858,57.5,,2026-04-11T08:20:04.121313Z
MKT-6DF643,"Solana Up or Down - April 11, 3:45AM-4:00AM ET",15,UP,0.4900,UP,Y,0.8091,25.6,,2026-04-11T08:05:50.339332Z
MKT-631D50,"Bitcoin Up or Down - April 11, 3:45AM-4:00AM ET",15,DOWN,0.5600,UP,N,-1.0866,41.6,,2026-04-11T08:05:50.292895Z
MKT-8B543D,"XRP Up or Down - April 11, 3:45AM-4:00AM ET",15,DOWN,0.5900,DOWN,Y,0.7132,45.5,,2026-04-11T08:05:29.192850Z
MKT-534AFF,"Ethereum Up or Down - April 11, 3:45AM-4:00AM ET",15,DOWN,0.5700,UP,N,-0.9802,40.7,,2026-04-11T08:05:29.168286Z
MKT-3A2505,"Solana Up or Down - April 11, 3:30AM-3:45AM ET",15,UP,0.5200,DOWN,N,-0.9533,25.7,,2026-04-11T07:50:42.932621Z
MKT-94A958,"Ethereum Up or Down - April 11, 3:30AM-3:45AM ET",15,UP,0.4200,DOWN,N,-1.2650,40.1,,2026-04-11T07:50:10.325293Z
MKT-2BCF60,"Bitcoin Up or Down - April 11, 3:30AM-3:45AM ET",15,DOWN,0.5500,DOWN,Y,1.5036,55.0,,2026-04-11T07:50:10.265476Z
MKT-7A1127,"Ethereum Up or Down - April 11, 3:15AM-3:30AM ET",15,DOWN,0.5200,UP,N,-2.2149,47.0,,2026-04-11T07:35:44.948578Z
MKT-CB8F92,"Bitcoin Up or Down - April 11, 3:15AM-3:30AM ET",15,DOWN,0.3600,UP,N,-2.4643,35.9,,2026-04-11T07:35:34.335355Z
MKT-E33A68,"Ethereum Up or Down - April 11, 3:20AM-3:25AM ET",5,UP,0.5300,UP,Y,1.7540,46.2,,2026-04-11T07:29:46.545076Z
MKT-4F14DB,"Bitcoin Up or Down - April 11, 3:20AM-3:25AM ET",5,DOWN,0.4900,UP,N,-0.4200,8.6,,2026-04-11T07:28:54.934286Z
MKT-C0B7D1,"Ethereum Up or Down - April 11, 3:15AM-3:20AM ET",5,DOWN,0.4300,DOWN,Y,2.4310,28.6,,2026-04-11T07:23:43.855027Z
MKT-621B9C,"Bitcoin Up or Down - April 11, 3:15AM-3:20AM ET",5,UP,0.6000,DOWN,N,-2.4599,40.0,,2026-04-11T07:23:22.870363Z