timestamp,closed_at,source,market,direction,outcome,amount,entry_price,sell_price,result,won,pnl,winning_outcome,condition_id,token_id
2026-03-31T15:17:16.762925+00:00,2026-03-31T15:20:18.827817+00:00,momentum,"Solana Up or Down - March 31, 11:15AM-11:20AM ET",DOWN,Down,2.0,0.83,,WIN,YES,0.4096385542168677,Down,0xb40f9350b4b5284a3fb624679ffcb45fd2061258a0edfa1b4528856402c9874a,40962235420513350343527177863525158102338866730862354359010265315646555481366
2026-03-31T15:17:18.303305+00:00,2026-03-31T15:20:19.265607+00:00,momentum,"Bitcoin Up or Down - March 31, 11:15AM-11:20AM ET",DOWN,Down,7.0,0.89,,WIN,YES,0.8651685393258424,Down,0xb70ebc3d981343dec73634e530115eaf37c7675a5ee9f49b8fd28df17e5994df,49434694963851649268284847721614821649292575388013832725317342407501724480076
2026-03-31T15:17:18.654304+00:00,2026-03-31T15:20:19.692315+00:00,momentum,"Ethereum Up or Down - March 31, 11:15AM-11:20AM ET",DOWN,Down,2.0,0.78,,WIN,YES,0.5641025641025639,Down,0x1db47e540d66b9ce27766da91dbc11266e89f4a61fce01eba395c143f8eab55b,36078615266856722313587055069723485988302260247578362509526155500299102525839
2026-03-31T15:17:18.970102+00:00,2026-03-31T15:20:19.692807+00:00,momentum,"Solana Up or Down - March 31, 11:15AM-11:20AM ET",DOWN,Down,2.0,0.86,,WIN,YES,0.32558139534883734,Down,0xb40f9350b4b5284a3fb624679ffcb45fd2061258a0edfa1b4528856402c9874a,40962235420513350343527177863525158102338866730862354359010265315646555481366
2026-03-31T15:17:20.594801+00:00,2026-03-31T15:20:19.692925+00:00,momentum,"Ethereum Up or Down - March 31, 11:15AM-11:20AM ET",DOWN,Down,2.0,0.85,,WIN,YES,0.3529411764705883,Down,0x1db47e540d66b9ce27766da91dbc11266e89f4a61fce01eba395c143f8eab55b,36078615266856722313587055069723485988302260247578362509526155500299102525839
2026-03-31T15:17:20.936999+00:00,2026-03-31T15:20:20.074240+00:00,momentum,"XRP Up or Down - March 31, 11:15AM-11:20AM ET",DOWN,Down,2.0,0.85,,WIN,YES,0.3529411764705883,Down,0x0e792d79d29eaf9f057abe75865e109df590d5eced4a740661f35b5c6d362708,78055613556755646767583023992172811519808616272485958045550864804959785193549
2026-03-31T15:17:24.290163+00:00,2026-03-31T15:20:20.074371+00:00,momentum,"XRP Up or Down - March 31, 11:15AM-11:20AM ET",DOWN,Down,2.0,0.87,,WIN,YES,0.29885057471264354,Down,0x0e792d79d29eaf9f057abe75865e109df590d5eced4a740661f35b5c6d362708,78055613556755646767583023992172811519808616272485958045550864804959785193549
2026-03-31T15:21:36.602310+00:00,2026-03-31T15:25:21.235913+00:00,momentum,"XRP Up or Down - March 31, 11:20AM-11:25AM ET",DOWN,Down,2.0,0.71,,LOSS,NO,-2.0,,0x8c4cde9c2bda7d09a561cbe143772b40d930a05eb5028546cbdf0d37b611303a,102987103378539438371118722506441006426755045782935221108413683391198913859482
2026-03-31T15:21:41.388757+00:00,2026-03-31T15:25:21.236458+00:00,momentum,"XRP Up or Down - March 31, 11:20AM-11:25AM ET",DOWN,Down,2.0,0.74,,LOSS,NO,-2.0,,0x8c4cde9c2bda7d09a561cbe143772b40d930a05eb5028546cbdf0d37b611303a,102987103378539438371118722506441006426755045782935221108413683391198913859482
2026-03-31T15:21:57.503418+00:00,2026-03-31T15:25:21.403594+00:00,momentum,"Ethereum Up or Down - March 31, 11:20AM-11:25AM ET",DOWN,Down,2.0,0.7,,LOSS,NO,-2.0,,0x9fba3f589607fadc3937860e21e08caaa6400ae7f224fd7deebb22b10aa7ab7c,106762470356373937707858886630626577510851771526510240484713507977255739734998
2026-03-31T15:22:30.767267+00:00,2026-03-31T15:25:21.839301+00:00,momentum,"Bitcoin Up or Down - March 31, 11:20AM-11:25AM ET",UP,Up,7.0,0.76,,WIN,YES,2.2105263157894743,Up,0x9faaa25d111609740c91f209db7a85c33dba6f25a9222825eb8f30d1dbef7b21,76417258898482706189262527120321725416858518109918669436059576362761733707706
2026-03-31T15:22:31.175143+00:00,2026-03-31T15:25:22.184988+00:00,momentum,"Solana Up or Down - March 31, 11:20AM-11:25AM ET",UP,Up,2.0,0.79,,WIN,YES,0.5316455696202529,Up,0x6d2202cd64d73c44e1a278e976a4302809630d66e4312577220ed691452222bc,35898119270192057500036926132327750598202931720399489455601923011551501187755
2026-03-31T15:22:42.492354+00:00,2026-03-31T15:25:22.185146+00:00,momentum,"Bitcoin Up or Down - March 31, 11:20AM-11:25AM ET",UP,Up,7.0,0.8,,WIN,YES,1.75,Up,0x9faaa25d111609740c91f209db7a85c33dba6f25a9222825eb8f30d1dbef7b21,76417258898482706189262527120321725416858518109918669436059576362761733707706
2026-03-31T15:22:42.876545+00:00,2026-03-31T15:25:22.185231+00:00,momentum,"Solana Up or Down - March 31, 11:20AM-11:25AM ET",UP,Up,2.0,0.83,,WIN,YES,0.4096385542168677,Up,0x6d2202cd64d73c44e1a278e976a4302809630d66e4312577220ed691452222bc,35898119270192057500036926132327750598202931720399489455601923011551501187755
2026-03-31T15:26:30.524325+00:00,2026-03-31T15:30:27.458070+00:00,momentum,"Ethereum Up or Down - March 31, 11:25AM-11:30AM ET",DOWN,Down,2.0,0.85,,WIN,YES,0.3529411764705883,Down,0x53ed45940d64603b447c859721d43220360bae80ed046ca8095f7e58dc36a00a,28917608687345092125532379301865052671812790813370779215666668400295895483584
2026-03-31T15:26:30.900264+00:00,2026-03-31T15:30:33.390298+00:00,momentum,"Solana Up or Down - March 31, 11:25AM-11:30AM ET",DOWN,Down,2.0,0.77,,WIN,YES,0.5974025974025974,Down,0xb8bae0aa3d2d162c9a77b69e8d9538eb86a5052c9a9dc8246c780622422311b1,81456963822026961061262716611950521416551513148939960613802817413180720982640
2026-03-31T15:26:32.874137+00:00,2026-03-31T15:30:37.395233+00:00,momentum,"Bitcoin Up or Down - March 31, 11:25AM-11:30AM ET",DOWN,Down,7.0,0.88,,WIN,YES,0.9545454545454541,Down,0x3e0be539bfca9d1d5890f6784ac436fdd89e32584624e3f3592e1e9df328776d,71957309891797781988182603570090077767831222521809388997063366780025075919453
2026-03-31T15:26:37.075473+00:00,2026-03-31T15:30:37.586473+00:00,momentum,"Ethereum Up or Down - March 31, 11:25AM-11:30AM ET",DOWN,Down,2.0,0.89,,WIN,YES,0.24719101123595522,Down,0x53ed45940d64603b447c859721d43220360bae80ed046ca8095f7e58dc36a00a,28917608687345092125532379301865052671812790813370779215666668400295895483584
2026-03-31T15:26:37.395619+00:00,2026-03-31T15:30:37.713066+00:00,momentum,"Solana Up or Down - March 31, 11:25AM-11:30AM ET",DOWN,Down,2.0,0.83,,WIN,YES,0.4096385542168677,Down,0xb8bae0aa3d2d162c9a77b69e8d9538eb86a5052c9a9dc8246c780622422311b1,81456963822026961061262716611950521416551513148939960613802817413180720982640
2026-03-31T15:31:41.858146+00:00,2026-03-31T15:35:27.149456+00:00,momentum,"Ethereum Up or Down - March 31, 11:30AM-11:35AM ET",UP,Up,2.0,0.7,,WIN,YES,0.8571428571428572,Up,0x4b6deeb794a4076ac7e9c7bff8025fe590dab8ff7cf679b6b14d2c9331cac4ae,49270798170726615305089739680822537433490223715483987099695241167730651679307
2026-03-31T15:31:48.323165+00:00,2026-03-31T15:35:27.149599+00:00,momentum,"Ethereum Up or Down - March 31, 11:30AM-11:35AM ET",UP,Up,2.0,0.72,,WIN,YES,0.7777777777777777,Up,0x4b6deeb794a4076ac7e9c7bff8025fe590dab8ff7cf679b6b14d2c9331cac4ae,49270798170726615305089739680822537433490223715483987099695241167730651679307
2026-03-31T15:31:58.848354+00:00,2026-03-31T15:35:31.309213+00:00,momentum,"Bitcoin Up or Down - March 31, 11:30AM-11:35AM ET",UP,Up,7.0,0.82,,WIN,YES,1.536585365853659,Up,0xc0b3f4ec45fe436bb95e90b9bef948fcb424589b2055a87e8b2d2f7b6cd388c8,98499806886630524876382485962271733610139179771601933160019420446383615858854
2026-03-31T15:31:59.338524+00:00,2026-03-31T15:35:35.336433+00:00,momentum,"Solana Up or Down - March 31, 11:30AM-11:35AM ET",UP,Up,2.0,0.8,,WIN,YES,0.5,Up,0x91b81e367056f659b6733cfa38abb9275f34fe855ad6abc73438df8894ae03c7,12965235876063466790366092063890403813293483807555995319579450453245937097843
2026-03-31T15:32:05.802979+00:00,2026-03-31T15:35:35.463291+00:00,momentum,"Bitcoin Up or Down - March 31, 11:30AM-11:35AM ET",UP,Up,7.0,0.83,,WIN,YES,1.4337349397590362,Up,0xc0b3f4ec45fe436bb95e90b9bef948fcb424589b2055a87e8b2d2f7b6cd388c8,98499806886630524876382485962271733610139179771601933160019420446383615858854
2026-03-31T15:32:44.304682+00:00,2026-03-31T15:35:41.317806+00:00,momentum,"XRP Up or Down - March 31, 11:30AM-11:35AM ET",DOWN,Down,2.0,0.7,,WIN,YES,0.8571428571428572,Down,0xd5c34131e4b4af78d5b64c4bd00a96fbdc21db48f647137c680c2cde1f43d391,33416538094795231911428829178260104576557017286583235128852669936677102697707
2026-03-31T15:32:47.788668+00:00,2026-03-31T15:35:41.444571+00:00,momentum,"XRP Up or Down - March 31, 11:30AM-11:35AM ET",DOWN,Down,2.0,0.71,,WIN,YES,0.8169014084507045,Down,0xd5c34131e4b4af78d5b64c4bd00a96fbdc21db48f647137c680c2cde1f43d391,33416538094795231911428829178260104576557017286583235128852669936677102697707
2026-03-31T15:34:07.411384+00:00,2026-03-31T15:35:41.563769+00:00,momentum,"Solana Up or Down - March 31, 11:30AM-11:35AM ET",UP,Up,2.0,0.81,,WIN,YES,0.46913580246913567,Up,0x91b81e367056f659b6733cfa38abb9275f34fe855ad6abc73438df8894ae03c7,12965235876063466790366092063890403813293483807555995319579450453245937097843
2026-03-31T15:36:30.841002+00:00,2026-03-31T15:40:33.352301+00:00,momentum,"Bitcoin Up or Down - March 31, 11:35AM-11:40AM ET",UP,Up,7.0,0.71,,WIN,YES,2.859154929577466,Up,0x711fe522b9a34c7acf4fd5480f1d9d8643dee0ccac87fd6e310468c94cfe88da,27626514629248753243523947792191091803632718684667334402886910656800006839232
2026-03-31T15:36:31.288693+00:00,2026-03-31T15:40:39.196315+00:00,momentum,"XRP Up or Down - March 31, 11:35AM-11:40AM ET",UP,Up,2.0,0.77,,WIN,YES,0.5974025974025974,Up,0x263d28479c1ad5cc78249ad8be3c93ee0515ca25efdeb00c76c9d6320bf475e5,89203144015435754545823243342660732698610787027769039636677640814708566937907
2026-03-31T15:36:37.032575+00:00,2026-03-31T15:40:39.352222+00:00,momentum,"Bitcoin Up or Down - March 31, 11:35AM-11:40AM ET",UP,Up,7.0,0.84,,WIN,YES,1.333333333333334,Up,0x711fe522b9a34c7acf4fd5480f1d9d8643dee0ccac87fd6e310468c94cfe88da,27626514629248753243523947792191091803632718684667334402886910656800006839232
2026-03-31T15:36:37.851223+00:00,2026-03-31T15:40:39.470859+00:00,momentum,"XRP Up or Down - March 31, 11:35AM-11:40AM ET",UP,Up,2.0,0.82,,WIN,YES,0.4390243902439024,Up,0x263d28479c1ad5cc78249ad8be3c93ee0515ca25efdeb00c76c9d6320bf475e5,89203144015435754545823243342660732698610787027769039636677640814708566937907
2026-03-31T15:36:40.833349+00:00,2026-03-31T15:40:43.262985+00:00,momentum,"Ethereum Up or Down - March 31, 11:35AM-11:40AM ET",UP,Up,2.0,0.79,,WIN,YES,0.5316455696202529,Up,0x067f1f06a17c0957dfcb773f8c60303b66e9c9cb40cef1af1bb2a42b3a8d2f0e,31081667892310345979028439965533511355454505779914811594267399418521764690765
2026-03-31T15:37:18.171038+00:00,2026-03-31T15:40:43.427830+00:00,momentum,"Ethereum Up or Down - March 31, 11:35AM-11:40AM ET",UP,Up,2.0,0.81,,WIN,YES,0.46913580246913567,Up,0x067f1f06a17c0957dfcb773f8c60303b66e9c9cb40cef1af1bb2a42b3a8d2f0e,31081667892310345979028439965533511355454505779914811594267399418521764690765
2026-03-31T15:37:35.874031+00:00,2026-03-31T15:45:32.132721+00:00,momentum,"Solana Up or Down - March 31, 11:35AM-11:40AM ET",UP,Up,2.0,0.72,,LOSS,NO,-2.0,Down,0x0225ea29c4c8be9f80d01f4905e1d5b64ee8a8b3afaae6f59cc0e8b22b38005a,3311912198326857141655605433050796519607229843951510707255617965432241863513
2026-03-31T15:37:58.241839+00:00,2026-03-31T15:45:32.133182+00:00,momentum,"Solana Up or Down - March 31, 11:35AM-11:40AM ET",UP,Up,2.0,0.77,,LOSS,NO,-2.0,Down,0x0225ea29c4c8be9f80d01f4905e1d5b64ee8a8b3afaae6f59cc0e8b22b38005a,3311912198326857141655605433050796519607229843951510707255617965432241863513
2026-03-31T15:41:31.237095+00:00,2026-03-31T15:45:35.320010+00:00,momentum,"Ethereum Up or Down - March 31, 11:40AM-11:45AM ET",DOWN,Down,2.0,0.86,,WIN,YES,0.32558139534883734,Down,0xd0b3cef0ced86943f53d5483ddc957288b675c0842674cf187ad4a89740bb66d,103064882173596881536673617290883830590602799393813284059064359425046960852663
2026-03-31T15:41:31.661904+00:00,2026-03-31T15:45:41.294399+00:00,momentum,"Solana Up or Down - March 31, 11:40AM-11:45AM ET",DOWN,Down,2.0,0.73,,WIN,YES,0.7397260273972601,Down,0x8f38c25fb8e801d478b435fa350abd8834a2de616621259f3950117e75c368e1,48332357452303655512392756657095126707193796419308656780845816277654672362954
2026-03-31T15:41:32.085410+00:00,2026-03-31T15:45:47.237579+00:00,momentum,"XRP Up or Down - March 31, 11:40AM-11:45AM ET",DOWN,Down,2.0,0.8,,WIN,YES,0.5,Down,0x99ccdcebe5401d81c4af3820bf6b59815aa76606528b3043c4c73393a7babcf9,56914047873911829772174709810558073097319444350679568631207709793351020869395
2026-03-31T15:41:33.487737+00:00,2026-03-31T15:45:51.505573+00:00,momentum,"Bitcoin Up or Down - March 31, 11:40AM-11:45AM ET",DOWN,Down,7.0,0.81,,WIN,YES,1.6419753086419746,Down,0x023282992d58c35e12de098fc3d8283df75ceeea42f6b76354ec135d0422c051,51018668485125105555397341922882280205955833789063450693010202718022616900653
2026-03-31T15:41:33.912771+00:00,2026-03-31T15:45:51.628233+00:00,momentum,"XRP Up or Down - March 31, 11:40AM-11:45AM ET",DOWN,Down,2.0,0.84,,WIN,YES,0.38095238095238093,Down,0x99ccdcebe5401d81c4af3820bf6b59815aa76606528b3043c4c73393a7babcf9,56914047873911829772174709810558073097319444350679568631207709793351020869395
2026-03-31T15:41:36.302419+00:00,2026-03-31T15:45:51.756492+00:00,momentum,"Bitcoin Up or Down - March 31, 11:40AM-11:45AM ET",DOWN,Down,7.0,0.83,,WIN,YES,1.4337349397590362,Down,0x023282992d58c35e12de098fc3d8283df75ceeea42f6b76354ec135d0422c051,51018668485125105555397341922882280205955833789063450693010202718022616900653
2026-03-31T15:43:39.858280+00:00,2026-03-31T15:45:51.948379+00:00,momentum,"Solana Up or Down - March 31, 11:40AM-11:45AM ET",DOWN,Down,2.0,0.75,,WIN,YES,0.6666666666666665,Down,0x8f38c25fb8e801d478b435fa350abd8834a2de616621259f3950117e75c368e1,48332357452303655512392756657095126707193796419308656780845816277654672362954
2026-03-31T15:43:46.595686+00:00,2026-03-31T15:45:52.071436+00:00,momentum,"Ethereum Up or Down - March 31, 11:40AM-11:45AM ET",DOWN,Down,2.0,0.89,,WIN,YES,0.24719101123595522,Down,0xd0b3cef0ced86943f53d5483ddc957288b675c0842674cf187ad4a89740bb66d,103064882173596881536673617290883830590602799393813284059064359425046960852663
2026-03-31T15:46:30.512458+00:00,2026-03-31T15:50:34.770553+00:00,momentum,"Ethereum Up or Down - March 31, 11:45AM-11:50AM ET",DOWN,Down,2.0,0.86,,LOSS,NO,-2.0,,0x28bf796e64a2ff1829320d54347ed2ef2183474e0eb66ee6146c0fb0d7d9826e,68456380520990108736854837304477705552241022614384755279224591757231850063357
2026-03-31T15:46:32.241660+00:00,2026-03-31T15:50:34.914220+00:00,momentum,"Bitcoin Up or Down - March 31, 11:45AM-11:50AM ET",DOWN,Down,7.0,0.85,,LOSS,NO,-7.0,,0x1f06a8de2e5d61ae18208f6608ad6924715e540e87fa03f4cd716819e5be4c8f,37751089743049712317001318587424078389802569263663645923094025567397130372508
2026-03-31T15:46:32.564570+00:00,2026-03-31T15:50:39.282994+00:00,momentum,"XRP Up or Down - March 31, 11:45AM-11:50AM ET",DOWN,Down,2.0,0.84,,WIN,YES,0.38095238095238093,Down,0x1d2d079e3e4970a035a05e070b5e8f2e3f6f415a28e6cf80cb66ef012840752c,24432322694102128596933234388010496029967432308922942154782322424120299699851
2026-03-31T15:46:34.470272+00:00,2026-03-31T15:50:39.283160+00:00,momentum,"Bitcoin Up or Down - March 31, 11:45AM-11:50AM ET",DOWN,Down,7.0,0.86,,LOSS,NO,-7.0,,0x1f06a8de2e5d61ae18208f6608ad6924715e540e87fa03f4cd716819e5be4c8f,37751089743049712317001318587424078389802569263663645923094025567397130372508
2026-03-31T15:46:57.009087+00:00,2026-03-31T15:50:43.341102+00:00,momentum,"Solana Up or Down - March 31, 11:45AM-11:50AM ET",UP,Up,2.0,0.7,,WIN,YES,0.8571428571428572,Up,0xcaf60cf386f158bc9917b460d4ec642437fdef03f7e5c33eb1748fb41ef0112e,21318977115516071402785173782141787011761981766117767679046004104289782246787
2026-03-31T15:47:19.034130+00:00,2026-03-31T15:50:49.303580+00:00,momentum,"Solana Up or Down - March 31, 11:45AM-11:50AM ET",UP,Up,2.0,0.75,,WIN,YES,0.6666666666666665,Up,0xcaf60cf386f158bc9917b460d4ec642437fdef03f7e5c33eb1748fb41ef0112e,21318977115516071402785173782141787011761981766117767679046004104289782246787
2026-03-31T15:48:00.688210+00:00,2026-03-31T15:50:49.445484+00:00,momentum,"XRP Up or Down - March 31, 11:45AM-11:50AM ET",DOWN,Down,2.0,0.89,,WIN,YES,0.24719101123595522,Down,0x1d2d079e3e4970a035a05e070b5e8f2e3f6f415a28e6cf80cb66ef012840752c,24432322694102128596933234388010496029967432308922942154782322424120299699851
2026-03-31T15:51:30.471734+00:00,2026-03-31T15:55:41.282828+00:00,momentum,"Bitcoin Up or Down - March 31, 11:50AM-11:55AM ET",UP,Up,7.0,0.76,,WIN,YES,2.2105263157894743,Up,0xf206e9370931cc4328b58b03a9909a7de5f4c927b9eb5f07f0e645c6320afb0c,3567647728102883932603734190995308296147736509838933070562777798308127680232
2026-03-31T15:51:30.861405+00:00,2026-03-31T15:55:47.378918+00:00,momentum,"Ethereum Up or Down - March 31, 11:50AM-11:55AM ET",UP,Up,2.0,0.8,,WIN,YES,0.5,Up,0xe7b401b6af17b50dd837d6d20bcfe1711067ae3373f4907fd52d4c705c5c121b,2974182423466632866053348479921462808141112424211163939712529472724875013896
2026-03-31T15:51:31.279789+00:00,2026-03-31T15:55:51.333175+00:00,momentum,"Solana Up or Down - March 31, 11:50AM-11:55AM ET",UP,Up,2.0,0.81,,WIN,YES,0.46913580246913567,Up,0x07eae75589627c72856c55c64501a239a052dd6312513bd3efe2418aa783f7e1,75593256365596404874141472503574971651075124237468082591534874539191741262915
2026-03-31T15:51:33.774734+00:00,2026-03-31T15:55:51.458939+00:00,momentum,"Bitcoin Up or Down - March 31, 11:50AM-11:55AM ET",UP,Up,7.0,0.78,,WIN,YES,1.9743589743589745,Up,0xf206e9370931cc4328b58b03a9909a7de5f4c927b9eb5f07f0e645c6320afb0c,3567647728102883932603734190995308296147736509838933070562777798308127680232
2026-03-31T15:51:34.097840+00:00,2026-03-31T15:55:51.580822+00:00,momentum,"Solana Up or Down - March 31, 11:50AM-11:55AM ET",UP,Up,2.0,0.82,,WIN,YES,0.4390243902439024,Up,0x07eae75589627c72856c55c64501a239a052dd6312513bd3efe2418aa783f7e1,75593256365596404874141472503574971651075124237468082591534874539191741262915
2026-03-31T15:51:40.256850+00:00,2026-03-31T15:55:57.207039+00:00,momentum,"XRP Up or Down - March 31, 11:50AM-11:55AM ET",UP,Up,2.0,0.81,,WIN,YES,0.46913580246913567,Up,0xcee4814a1f37d370f9476028cacce395364b32dd250c8550940b22fc07da8312,34123326244254877738846653916808912083978032941195576641627588314035097406027
2026-03-31T15:51:43.642980+00:00,2026-03-31T15:55:57.330735+00:00,momentum,"Ethereum Up or Down - March 31, 11:50AM-11:55AM ET",UP,Up,2.0,0.86,,WIN,YES,0.32558139534883734,Up,0xe7b401b6af17b50dd837d6d20bcfe1711067ae3373f4907fd52d4c705c5c121b,2974182423466632866053348479921462808141112424211163939712529472724875013896
2026-03-31T15:52:19.445880+00:00,2026-03-31T15:55:57.482226+00:00,momentum,"XRP Up or Down - March 31, 11:50AM-11:55AM ET",UP,Up,2.0,0.85,,WIN,YES,0.3529411764705883,Up,0xcee4814a1f37d370f9476028cacce395364b32dd250c8550940b22fc07da8312,34123326244254877738846653916808912083978032941195576641627588314035097406027
2026-03-31T15:56:45.023695+00:00,2026-03-31T16:00:45.392785+00:00,momentum,"Ethereum Up or Down - March 31, 11:55AM-12:00PM ET",DOWN,Down,2.0,0.82,,WIN,YES,0.4390243902439024,Down,0x58b997820edda2e3f2a7a8400c8e004a8850f52379fb04f232938136c5270ff5,81466566372178841713639928739978711318950325516349112535687420319421387134627
2026-03-31T15:56:45.655986+00:00,2026-03-31T16:00:51.245863+00:00,momentum,"Solana Up or Down - March 31, 11:55AM-12:00PM ET",DOWN,Down,2.0,0.77,,WIN,YES,0.5974025974025974,Down,0xd6ff4ba76f3194de3a0596c50fdbf34a0c7b598d3949ea3068f27c8f921741d2,63681498247753299258398231637301178132645059662347524334957479351046739805797
2026-03-31T15:56:49.305362+00:00,2026-03-31T16:00:51.372237+00:00,momentum,"Ethereum Up or Down - March 31, 11:55AM-12:00PM ET",DOWN,Down,2.0,0.86,,WIN,YES,0.32558139534883734,Down,0x58b997820edda2e3f2a7a8400c8e004a8850f52379fb04f232938136c5270ff5,81466566372178841713639928739978711318950325516349112535687420319421387134627
2026-03-31T15:56:49.618511+00:00,2026-03-31T16:00:55.223845+00:00,momentum,"Bitcoin Up or Down - March 31, 11:55AM-12:00PM ET",DOWN,Down,7.0,0.85,,WIN,YES,1.2352941176470598,Down,0xb52f400ce61e51328889d9ce6b03da11692398eb7f1f0e8c2c0393d8d176d384,69112475718258596534649490756290034578255224152685770447999749819273386140910
2026-03-31T15:56:50.066787+00:00,2026-03-31T16:00:55.355825+00:00,momentum,"Solana Up or Down - March 31, 11:55AM-12:00PM ET",DOWN,Down,2.0,0.81,,WIN,YES,0.46913580246913567,Down,0xd6ff4ba76f3194de3a0596c50fdbf34a0c7b598d3949ea3068f27c8f921741d2,63681498247753299258398231637301178132645059662347524334957479351046739805797
2026-03-31T15:56:50.419864+00:00,2026-03-31T16:01:01.273460+00:00,momentum,"XRP Up or Down - March 31, 11:55AM-12:00PM ET",DOWN,Down,2.0,0.84,,WIN,YES,0.38095238095238093,Down,0x2f6171efc3fe0aa99574ba681416d2b5a525c37888df32e88aeb539f2b0a4046,93765182319903500369246666493832886644497049477574155152973850631837895210892
2026-03-31T15:56:52.958451+00:00,2026-03-31T16:01:01.395295+00:00,momentum,"Bitcoin Up or Down - March 31, 11:55AM-12:00PM ET",DOWN,Down,7.0,0.88,,WIN,YES,0.9545454545454541,Down,0xb52f400ce61e51328889d9ce6b03da11692398eb7f1f0e8c2c0393d8d176d384,69112475718258596534649490756290034578255224152685770447999749819273386140910
2026-03-31T16:01:30.250867+00:00,2026-03-31T16:05:49.243449+00:00,momentum,"Ethereum Up or Down - March 31, 12:00PM-12:05PM ET",UP,Up,2.0,0.88,,WIN,YES,0.27272727272727293,Up,0x73919dc171bad527e43a3696384b4bf709d94913a119261622fb8f11e0176fe1,108046709760226154272031245135889458903895018791559791220517068039828644028387
2026-03-31T16:01:32.741552+00:00,2026-03-31T16:05:55.293399+00:00,momentum,"Bitcoin Up or Down - March 31, 12:00PM-12:05PM ET",UP,Up,7.0,0.88,,WIN,YES,0.9545454545454541,Up,0x92c49a998bdf2f6876540ee5eb0f3ff518f3a84ad6c276af73b08fb6a9b7162b,42408746953040503553544934606460268792226864855821301741807413137435355971866
2026-03-31T16:01:34.652181+00:00,2026-03-31T16:05:55.423693+00:00,momentum,"Ethereum Up or Down - March 31, 12:00PM-12:05PM ET",UP,Up,2.0,0.89,,WIN,YES,0.24719101123595522,Up,0x73919dc171bad527e43a3696384b4bf709d94913a119261622fb8f11e0176fe1,108046709760226154272031245135889458903895018791559791220517068039828644028387
2026-03-31T16:01:34.976630+00:00,2026-03-31T16:05:59.288687+00:00,momentum,"XRP Up or Down - March 31, 12:00PM-12:05PM ET",UP,Up,2.0,0.89,,WIN,YES,0.24719101123595522,Up,0x2a22a5b779f9a2be154678c19832849c4eb7e6903ca1c7af472f1391a89c3a36,19544104784186678818302649256507390050088125415258931966843010588640080457018
2026-03-31T16:06:34.559279+00:00,2026-03-31T16:10:53.195500+00:00,momentum,"Ethereum Up or Down - March 31, 12:05PM-12:10PM ET",UP,Up,2.0,0.75,,WIN,YES,0.6666666666666665,Up,0x0119c07122ec9227046649280da1b7bbe5956a1d7d2acc2b8a5cbb26f18bc465,45262616711074989307249998550782173912006550853934699339690882755726109569610
2026-03-31T16:06:38.027475+00:00,2026-03-31T16:10:53.320015+00:00,momentum,"Ethereum Up or Down - March 31, 12:05PM-12:10PM ET",UP,Up,2.0,0.79,,WIN,YES,0.5316455696202529,Up,0x0119c07122ec9227046649280da1b7bbe5956a1d7d2acc2b8a5cbb26f18bc465,45262616711074989307249998550782173912006550853934699339690882755726109569610
2026-03-31T16:06:41.420253+00:00,2026-03-31T16:10:57.289593+00:00,momentum,"Bitcoin Up or Down - March 31, 12:05PM-12:10PM ET",UP,Up,7.0,0.7,,WIN,YES,3.0,Up,0xd00f85b34c0ab5b28fd80bda5e9a2469a4432305fde34dc687d8e1837ec9daa4,83801076146090842166979477991953931808875629221795241225998123037761582672518
2026-03-31T16:06:44.872740+00:00,2026-03-31T16:10:57.407827+00:00,momentum,"Bitcoin Up or Down - March 31, 12:05PM-12:10PM ET",UP,Up,7.0,0.78,,WIN,YES,1.9743589743589745,Up,0xd00f85b34c0ab5b28fd80bda5e9a2469a4432305fde34dc687d8e1837ec9daa4,83801076146090842166979477991953931808875629221795241225998123037761582672518
2026-03-31T16:06:48.346955+00:00,2026-03-31T16:11:01.196944+00:00,momentum,"XRP Up or Down - March 31, 12:05PM-12:10PM ET",UP,Up,2.0,0.74,,WIN,YES,0.7027027027027026,Up,0x19f3211d4baa060d598d1f2c348ccccde9f810db594bdaec60d7cf5e1305480f,33284915174571062930634595095309432863095773785421228611588037159428926209798
2026-03-31T16:06:59.828470+00:00,2026-03-31T16:11:01.334929+00:00,momentum,"XRP Up or Down - March 31, 12:05PM-12:10PM ET",UP,Up,2.0,0.79,,WIN,YES,0.5316455696202529,Up,0x19f3211d4baa060d598d1f2c348ccccde9f810db594bdaec60d7cf5e1305480f,33284915174571062930634595095309432863095773785421228611588037159428926209798
2026-03-31T16:07:03.530496+00:00,2026-03-31T16:11:07.263114+00:00,momentum,"Solana Up or Down - March 31, 12:05PM-12:10PM ET",UP,Up,2.0,0.74,,WIN,YES,0.7027027027027026,Up,0x384d9ff2b2f155c6442172cef84cfb105e3759023252962e8b00d71f6fb33b00,102312563756800764713681694950422090420809326994790762408811340952322258401259
2026-03-31T16:07:06.995463+00:00,2026-03-31T16:11:07.405137+00:00,momentum,"Solana Up or Down - March 31, 12:05PM-12:10PM ET",UP,Up,2.0,0.77,,WIN,YES,0.5974025974025974,Up,0x384d9ff2b2f155c6442172cef84cfb105e3759023252962e8b00d71f6fb33b00,102312563756800764713681694950422090420809326994790762408811340952322258401259
2026-03-31T16:11:48.675657+00:00,2026-03-31T16:14:52.004400+00:00,momentum,"Bitcoin Up or Down - March 31, 12:10PM-12:15PM ET",DOWN,Down,7.0,0.89,,WIN,YES,0.8651685393258424,Down,0x4337b56eb75c1d6b3db4483fa29c57a4bfff7ace4d6ebc72b29c7b1f0a0c5f5b,39267907656748470060782571647055868118122183933226058339255642830229555785528
2026-03-31T16:11:49.067575+00:00,2026-03-31T16:15:57.225981+00:00,momentum,"Solana Up or Down - March 31, 12:10PM-12:15PM ET",DOWN,Down,2.0,0.89,,WIN,YES,0.24719101123595522,Down,0x9dcc6bd9596939e757b8f913a2500760dee093e1f2d246f674eeef3f8909b690,7131415956824443283795483159334035440295815047690705648982828645258350349888
2026-03-31T16:11:51.856154+00:00,2026-03-31T16:16:01.371957+00:00,momentum,"Ethereum Up or Down - March 31, 12:10PM-12:15PM ET",DOWN,Down,2.0,0.88,,WIN,YES,0.27272727272727293,Down,0xdd001651ae6ba41306ce85ac03c96adbb2fbc9b8a1b485531cfed84c062190a7,50412028512014260810355750038424109113095130316885601148144180514716738262180
2026-03-31T16:14:16.338660+00:00,2026-03-31T16:16:01.537861+00:00,momentum,"Ethereum Up or Down - March 31, 12:10PM-12:15PM ET",DOWN,Down,2.0,0.89,,WIN,YES,0.24719101123595522,Down,0xdd001651ae6ba41306ce85ac03c96adbb2fbc9b8a1b485531cfed84c062190a7,50412028512014260810355750038424109113095130316885601148144180514716738262180
2026-03-31T16:14:18.738416+00:00,2026-03-31T16:16:07.255583+00:00,momentum,"XRP Up or Down - March 31, 12:10PM-12:15PM ET",DOWN,Down,2.0,0.88,,WIN,YES,0.27272727272727293,Down,0x95155df9708f249c24b432d5eea850da9f6cd9595db6ca32c2f3647f612bc176,12574142546134293782413751223765886128330933047305317460728175911611225273083
2026-03-31T16:16:30.418473+00:00,2026-03-31T16:19:54.474181+00:00,momentum,"Bitcoin Up or Down - March 31, 12:15PM-12:20PM ET",UP,Up,7.0,0.85,,WIN,YES,1.2352941176470598,Up,0xca4e589ca08baa5dcf58ae10364919de64dce526d8a7e7f29b5dbb53e4403df6,62062301253886289170918289962699317665728258044287182366543430931453325728859
2026-03-31T16:16:31.618271+00:00,2026-03-31T16:19:54.999295+00:00,momentum,"Solana Up or Down - March 31, 12:15PM-12:20PM ET",UP,Up,2.0,0.72,,WIN,YES,0.7777777777777777,Up,0x0e2c6988e0d58f86c891798300993f2d25ad348366dc307a552041e53e9ce9f4,65659551233781293285092142076988261804892979429693220088229762795192110071957
2026-03-31T16:16:32.050743+00:00,2026-03-31T16:19:55.336227+00:00,momentum,"XRP Up or Down - March 31, 12:15PM-12:20PM ET",UP,Up,2.0,0.76,,WIN,YES,0.6315789473684212,Up,0xef4be259f99bae3808ed8a37bed42881c0a88c51524898256a968674053e3563,101308372421715591050113145392245489769656865453595655713644805564697499380983
2026-03-31T16:17:11.658137+00:00,2026-03-31T16:19:55.336405+00:00,momentum,"Bitcoin Up or Down - March 31, 12:15PM-12:20PM ET",UP,Up,7.0,0.88,,WIN,YES,0.9545454545454541,Up,0xca4e589ca08baa5dcf58ae10364919de64dce526d8a7e7f29b5dbb53e4403df6,62062301253886289170918289962699317665728258044287182366543430931453325728859
2026-03-31T16:17:18.556934+00:00,2026-03-31T16:19:55.336532+00:00,momentum,"Solana Up or Down - March 31, 12:15PM-12:20PM ET",UP,Up,2.0,0.79,,WIN,YES,0.5316455696202529,Up,0x0e2c6988e0d58f86c891798300993f2d25ad348366dc307a552041e53e9ce9f4,65659551233781293285092142076988261804892979429693220088229762795192110071957
2026-03-31T16:17:34.271424+00:00,2026-03-31T16:19:55.336652+00:00,momentum,"XRP Up or Down - March 31, 12:15PM-12:20PM ET",UP,Up,2.0,0.77,,WIN,YES,0.5974025974025974,Up,0xef4be259f99bae3808ed8a37bed42881c0a88c51524898256a968674053e3563,101308372421715591050113145392245489769656865453595655713644805564697499380983
2026-03-31T16:16:31.231502+00:00,2026-03-31T16:20:54.246598+00:00,momentum,"Ethereum Up or Down - March 31, 12:15PM-12:20PM ET",UP,Up,2.0,0.7,,LOSS,NO,-2.0,,0x688cbc45ef745fe6d4358bd72069e44d55aaeb26689703b66d6ba9f2184fc26f,63619119998992497899579274410209254636334374426679308607522563203384582582201
2026-03-31T16:17:18.223548+00:00,2026-03-31T16:20:54.247001+00:00,momentum,"Ethereum Up or Down - March 31, 12:15PM-12:20PM ET",UP,Up,2.0,0.76,,LOSS,NO,-2.0,,0x688cbc45ef745fe6d4358bd72069e44d55aaeb26689703b66d6ba9f2184fc26f,63619119998992497899579274410209254636334374426679308607522563203384582582201
2026-03-31T16:22:10.313253+00:00,2026-03-31T16:24:55.841392+00:00,momentum,"XRP Up or Down - March 31, 12:20PM-12:25PM ET",DOWN,Down,2.0,0.7,,LOSS,NO,-2.0,,0x0859725b8ccb9a762a6443789a4fa2b6bab3e7c1b93b131f92400fb62c64f053,7920703234946747276559107537176991196616435202284349556934005118375622383201
2026-03-31T16:22:16.856076+00:00,2026-03-31T16:24:55.842002+00:00,momentum,"XRP Up or Down - March 31, 12:20PM-12:25PM ET",DOWN,Down,2.0,0.71,,LOSS,NO,-2.0,,0x0859725b8ccb9a762a6443789a4fa2b6bab3e7c1b93b131f92400fb62c64f053,7920703234946747276559107537176991196616435202284349556934005118375622383201
2026-03-31T16:22:32.225392+00:00,2026-03-31T16:24:56.207059+00:00,momentum,"Bitcoin Up or Down - March 31, 12:20PM-12:25PM ET",UP,Up,7.0,0.72,,WIN,YES,2.722222222222223,Up,0xe2ad5fba4d22fbf6b6b732e15ccbd27ff5e60c26aca2e7ebb82edfb4b2cc5163,12611538648527780571157023715834715930210830346498730972763701559842066946776
2026-03-31T16:23:01.768610+00:00,2026-03-31T16:24:56.363045+00:00,momentum,"Ethereum Up or Down - March 31, 12:20PM-12:25PM ET",DOWN,Down,2.0,0.79,,LOSS,NO,-2.0,,0xd87f2e4fb51dc6e06a803a34e10f908dc0b0728487d8162be41befa46061957a,41759822278460043813898374199698380677658711239407476152930005377588374676618
2026-03-31T16:23:03.506415+00:00,2026-03-31T16:24:56.524614+00:00,momentum,"Solana Up or Down - March 31, 12:20PM-12:25PM ET",DOWN,Down,2.0,0.74,,LOSS,NO,-2.0,,0xa0983b9e535e67c7783c85b3d226a1402fddf75568d0158db061320f0096142c,27241079385004596677138730104108944013673905088599822829982861672371225412000
2026-03-31T16:23:11.967472+00:00,2026-03-31T16:24:56.525114+00:00,momentum,"Solana Up or Down - March 31, 12:20PM-12:25PM ET",DOWN,Down,2.0,0.83,,LOSS,NO,-2.0,,0xa0983b9e535e67c7783c85b3d226a1402fddf75568d0158db061320f0096142c,27241079385004596677138730104108944013673905088599822829982861672371225412000
2026-03-31T16:23:36.899626+00:00,2026-03-31T16:24:56.525522+00:00,momentum,"Bitcoin Up or Down - March 31, 12:20PM-12:25PM ET",UP,Up,7.0,0.75,,WIN,YES,2.333333333333334,Up,0xe2ad5fba4d22fbf6b6b732e15ccbd27ff5e60c26aca2e7ebb82edfb4b2cc5163,12611538648527780571157023715834715930210830346498730972763701559842066946776
2026-03-31T16:26:46.728836+00:00,2026-03-31T16:29:58.886399+00:00,momentum,"Ethereum Up or Down - March 31, 12:25PM-12:30PM ET",DOWN,Down,2.0,0.75,,WIN,YES,0.6666666666666665,Down,0xe8fa58710037448b950dfeef7c049dbd6a6055217d35d7454e4b2c77ad7aeeaa,58435108634935246685244373648563101421619957446727659362745020413835424221950
2026-03-31T16:26:47.147392+00:00,2026-03-31T16:29:59.244022+00:00,momentum,"Solana Up or Down - March 31, 12:25PM-12:30PM ET",DOWN,Down,2.0,0.74,,WIN,YES,0.7027027027027026,Down,0xe36b684456aaaca588332161975b1ba3f436a487f25d62140cc68e6bf27a01da,32210358854265790688700149423470836410867816634423298407464142404464522559501
2026-03-31T16:26:50.585554+00:00,2026-03-31T16:29:59.609306+00:00,momentum,"Bitcoin Up or Down - March 31, 12:25PM-12:30PM ET",DOWN,Down,7.0,0.74,,WIN,YES,2.4594594594594597,Down,0xa541ce68d50d1e1bd3d06b32c6c7a49be830da1dc9793a81eeeb001c7696c919,66500080245311940506788667959687911583288692063897470921815253878044002732409
2026-03-31T16:26:50.961374+00:00,2026-03-31T16:29:59.609436+00:00,momentum,"Ethereum Up or Down - March 31, 12:25PM-12:30PM ET",DOWN,Down,2.0,0.77,,WIN,YES,0.5974025974025974,Down,0xe8fa58710037448b950dfeef7c049dbd6a6055217d35d7454e4b2c77ad7aeeaa,58435108634935246685244373648563101421619957446727659362745020413835424221950
2026-03-31T16:26:51.282576+00:00,2026-03-31T16:29:59.609507+00:00,momentum,"Solana Up or Down - March 31, 12:25PM-12:30PM ET",DOWN,Down,2.0,0.76,,WIN,YES,0.6315789473684212,Down,0xe36b684456aaaca588332161975b1ba3f436a487f25d62140cc68e6bf27a01da,32210358854265790688700149423470836410867816634423298407464142404464522559501
2026-03-31T16:27:08.979541+00:00,2026-03-31T16:29:59.609575+00:00,momentum,"Bitcoin Up or Down - March 31, 12:25PM-12:30PM ET",DOWN,Down,7.0,0.75,,WIN,YES,2.333333333333334,Down,0xa541ce68d50d1e1bd3d06b32c6c7a49be830da1dc9793a81eeeb001c7696c919,66500080245311940506788667959687911583288692063897470921815253878044002732409
2026-03-31T16:28:45.529302+00:00,2026-03-31T16:29:59.971867+00:00,momentum,"XRP Up or Down - March 31, 12:25PM-12:30PM ET",DOWN,Down,2.0,0.74,,WIN,YES,0.7027027027027026,Down,0x0c33bde6e233afdf12d5aaa8452f6cd1b814908a8027c5fee4569242b25b1540,4626495605355865689329984876009388411438242404356603765179908936519783783222
2026-03-31T16:28:49.046615+00:00,2026-03-31T16:29:59.972209+00:00,momentum,"XRP Up or Down - March 31, 12:25PM-12:30PM ET",DOWN,Down,2.0,0.77,,WIN,YES,0.5974025974025974,Down,0x0c33bde6e233afdf12d5aaa8452f6cd1b814908a8027c5fee4569242b25b1540,4626495605355865689329984876009388411438242404356603765179908936519783783222
2026-03-31T16:31:32.663024+00:00,2026-03-31T16:35:06.832237+00:00,momentum,"Ethereum Up or Down - March 31, 12:30PM-12:35PM ET",DOWN,Down,2.0,0.74,,WIN,YES,0.7027027027027026,Down,0x61e19e0cf5a8b012896c42af7bf86a2eb8556ee411b793bdf4fceb45e783dee3,59166942737516128425987120926208224331484731413647016189524888868482279226916
2026-03-31T16:31:33.014705+00:00,2026-03-31T16:35:07.225144+00:00,momentum,"Solana Up or Down - March 31, 12:30PM-12:35PM ET",DOWN,Down,2.0,0.74,,WIN,YES,0.7027027027027026,Down,0x575f66519177344d6c2b3c1284d7a1ce503caa4baa74b68e3ab7f9c9f492d162,29792187305053283087008296284845773093266972758890836852469935126071221136978
2026-03-31T16:31:33.348089+00:00,2026-03-31T16:35:07.586906+00:00,momentum,"XRP Up or Down - March 31, 12:30PM-12:35PM ET",DOWN,Down,2.0,0.78,,WIN,YES,0.5641025641025639,Down,0xdffcd69b0fdf426ba03779241729312730df63347a2b53f71b54b9ad1f684082,93384006978066497701916483551815459602023639737629599921286397591697664844383
2026-03-31T16:31:39.599489+00:00,2026-03-31T16:35:07.587179+00:00,momentum,"Ethereum Up or Down - March 31, 12:30PM-12:35PM ET",DOWN,Down,2.0,0.75,,WIN,YES,0.6666666666666665,Down,0x61e19e0cf5a8b012896c42af7bf86a2eb8556ee411b793bdf4fceb45e783dee3,59166942737516128425987120926208224331484731413647016189524888868482279226916
2026-03-31T16:31:41.584640+00:00,2026-03-31T16:35:07.587277+00:00,momentum,"Solana Up or Down - March 31, 12:30PM-12:35PM ET",DOWN,Down,2.0,0.75,,WIN,YES,0.6666666666666665,Down,0x575f66519177344d6c2b3c1284d7a1ce503caa4baa74b68e3ab7f9c9f492d162,29792187305053283087008296284845773093266972758890836852469935126071221136978
2026-03-31T16:31:42.977121+00:00,2026-03-31T16:35:07.961168+00:00,momentum,"Bitcoin Up or Down - March 31, 12:30PM-12:35PM ET",DOWN,Down,7.0,0.71,,WIN,YES,2.859154929577466,Down,0x8e61cdf2b455ae1d826cf46ac26c12c2e72e733fbe64063426df5bc9fb11679c,43289055194946661138835146685480338013164174752703469584899199608868935563821
2026-03-31T16:32:20.994888+00:00,2026-03-31T16:35:07.961296+00:00,momentum,"XRP Up or Down - March 31, 12:30PM-12:35PM ET",DOWN,Down,2.0,0.79,,WIN,YES,0.5316455696202529,Down,0xdffcd69b0fdf426ba03779241729312730df63347a2b53f71b54b9ad1f684082,93384006978066497701916483551815459602023639737629599921286397591697664844383
2026-03-31T16:36:51.466580+00:00,2026-03-31T16:40:09.784557+00:00,momentum,"Solana Up or Down - March 31, 12:35PM-12:40PM ET",UP,Up,2.0,0.72,,WIN,YES,0.7777777777777777,Up,0xb862ec9015be1a4205b7b5fa1d18f93e658d00cfeb72efb017b12bf8bc83019b,113487533723639892988146285706438110591692706408719792644074457807736155569253
2026-03-31T16:36:56.241607+00:00,2026-03-31T16:40:09.785595+00:00,momentum,"Solana Up or Down - March 31, 12:35PM-12:40PM ET",UP,Up,2.0,0.76,,WIN,YES,0.6315789473684212,Up,0xb862ec9015be1a4205b7b5fa1d18f93e658d00cfeb72efb017b12bf8bc83019b,113487533723639892988146285706438110591692706408719792644074457807736155569253
2026-03-31T16:37:22.725756+00:00,2026-03-31T16:40:10.225607+00:00,momentum,"Bitcoin Up or Down - March 31, 12:35PM-12:40PM ET",UP,Up,7.0,0.87,,WIN,YES,1.0459770114942533,Up,0x4971fcb83fdc5d088c4e19fc304e92cca679f3b0290ce11ef2f62dca777d2059,99558487514805752455391935386645681207514094596343498200618110505107642392546
2026-03-31T16:37:23.262892+00:00,2026-03-31T16:40:10.641382+00:00,momentum,"Ethereum Up or Down - March 31, 12:35PM-12:40PM ET",UP,Up,2.0,0.88,,WIN,YES,0.27272727272727293,Up,0xfcb980ef9b56c203bd85f456f5935cf8042a8079ccb2b9c2a06db678bc642517,58591178643809636691804476407146988271275510371115005054446883763851236081731
2026-03-31T16:37:32.347163+00:00,2026-03-31T16:40:10.641854+00:00,momentum,"Bitcoin Up or Down - March 31, 12:35PM-12:40PM ET",UP,Up,7.0,0.88,,WIN,YES,0.9545454545454541,Up,0x4971fcb83fdc5d088c4e19fc304e92cca679f3b0290ce11ef2f62dca777d2059,99558487514805752455391935386645681207514094596343498200618110505107642392546
2026-03-31T16:37:43.104822+00:00,2026-03-31T16:40:10.642214+00:00,momentum,"Ethereum Up or Down - March 31, 12:35PM-12:40PM ET",UP,Up,2.0,0.89,,WIN,YES,0.24719101123595522,Up,0xfcb980ef9b56c203bd85f456f5935cf8042a8079ccb2b9c2a06db678bc642517,58591178643809636691804476407146988271275510371115005054446883763851236081731
2026-03-31T16:46:33.895415+00:00,2026-03-31T16:50:13.952173+00:00,momentum,"XRP Up or Down - March 31, 12:45PM-12:50PM ET",DOWN,Down,2.0,0.79,,WIN,YES,0.5316455696202529,Down,0x68039bedbee7a1f7d9648bb9b212a983e008ae667b01aabf353cf1ae928b42d7,3254882138685316102971719118751926823049642554274476546628838336097383696974
2026-03-31T16:46:36.902314+00:00,2026-03-31T16:50:14.344939+00:00,momentum,"Bitcoin Up or Down - March 31, 12:45PM-12:50PM ET",DOWN,Down,7.0,0.83,,WIN,YES,1.4337349397590362,Down,0x87a6756cbe7de8c2ebe996d26511c2022a0ed4e33bb6dcb4dff7c13f9c767856,4049336464294792071629648932887047275937315543954859750229613765818609573798
2026-03-31T16:46:37.675338+00:00,2026-03-31T16:50:14.500167+00:00,momentum,"XRP Up or Down - March 31, 12:45PM-12:50PM ET",DOWN,Down,2.0,0.8,,WIN,YES,0.5,Down,0x68039bedbee7a1f7d9648bb9b212a983e008ae667b01aabf353cf1ae928b42d7,3254882138685316102971719118751926823049642554274476546628838336097383696974
2026-03-31T16:46:52.359745+00:00,2026-03-31T16:50:14.500627+00:00,momentum,"Bitcoin Up or Down - March 31, 12:45PM-12:50PM ET",DOWN,Down,7.0,0.84,,WIN,YES,1.333333333333334,Down,0x87a6756cbe7de8c2ebe996d26511c2022a0ed4e33bb6dcb4dff7c13f9c767856,4049336464294792071629648932887047275937315543954859750229613765818609573798
2026-03-31T16:46:37.323564+00:00,2026-03-31T16:51:17.288208+00:00,momentum,"Solana Up or Down - March 31, 12:45PM-12:50PM ET",DOWN,Down,2.0,0.79,,WIN,YES,0.5316455696202529,Down,0xcbc79498594cb4b020a600100a438509ad4a9011a0be913411d96372e27e6308,110191319956780601219998442163787394047778446766457113785252989444992367204317
2026-03-31T16:47:29.604276+00:00,2026-03-31T16:51:17.412850+00:00,momentum,"Solana Up or Down - March 31, 12:45PM-12:50PM ET",DOWN,Down,2.0,0.82,,WIN,YES,0.4390243902439024,Down,0xcbc79498594cb4b020a600100a438509ad4a9011a0be913411d96372e27e6308,110191319956780601219998442163787394047778446766457113785252989444992367204317
2026-03-31T16:47:33.049207+00:00,2026-03-31T16:51:23.214758+00:00,momentum,"Ethereum Up or Down - March 31, 12:45PM-12:50PM ET",DOWN,Down,2.0,0.7,,WIN,YES,0.8571428571428572,Down,0x1c1ed36f9dd4f5aa32e6b5aa3710605e5878d7345b5f1b68802ac04bb7946b28,12029803294694233800196712962643788327549041375044021914402091402186333840739
2026-03-31T16:47:39.530176+00:00,2026-03-31T16:51:23.337445+00:00,momentum,"Ethereum Up or Down - March 31, 12:45PM-12:50PM ET",DOWN,Down,2.0,0.73,,WIN,YES,0.7397260273972601,Down,0x1c1ed36f9dd4f5aa32e6b5aa3710605e5878d7345b5f1b68802ac04bb7946b28,12029803294694233800196712962643788327549041375044021914402091402186333840739
2026-03-31T16:51:48.368856+00:00,2026-03-31T16:55:15.354778+00:00,momentum,"Solana Up or Down - March 31, 12:50PM-12:55PM ET",DOWN,Down,2.0,0.72,,WIN,YES,0.7777777777777777,Down,0x9be21065fee1ef97f51fbdf1848a460018d949be7354ee0d658ea76de8f9e7f3,83162853722376498771049135325138305868586966308209637837020254831075152459061
2026-03-31T16:51:50.005949+00:00,2026-03-31T16:55:15.748924+00:00,momentum,"Ethereum Up or Down - March 31, 12:50PM-12:55PM ET",DOWN,Down,2.0,0.7,,WIN,YES,0.8571428571428572,Down,0x7083609ef3b938f19de0f0aaea9c966fcc3eac3ee8958db242ecd77e9a101882,28017864116276017761327088509049846299893411618802438206985770796422803933356
2026-03-31T16:51:50.403426+00:00,2026-03-31T16:55:15.749057+00:00,momentum,"Solana Up or Down - March 31, 12:50PM-12:55PM ET",DOWN,Down,2.0,0.73,,WIN,YES,0.7397260273972601,Down,0x9be21065fee1ef97f51fbdf1848a460018d949be7354ee0d658ea76de8f9e7f3,83162853722376498771049135325138305868586966308209637837020254831075152459061
2026-03-31T16:51:51.775390+00:00,2026-03-31T16:55:16.099758+00:00,momentum,"Bitcoin Up or Down - March 31, 12:50PM-12:55PM ET",DOWN,Down,7.0,0.72,,WIN,YES,2.722222222222223,Down,0x740cfdbafa8d1b1d51729da79b05e641158d3a7c889175dab1eab20a2c92b5cc,66091509674921971407227514952521456996907573303653223323107401767726760115252
2026-03-31T16:51:52.246157+00:00,2026-03-31T16:55:16.099871+00:00,momentum,"Ethereum Up or Down - March 31, 12:50PM-12:55PM ET",DOWN,Down,2.0,0.72,,WIN,YES,0.7777777777777777,Down,0x7083609ef3b938f19de0f0aaea9c966fcc3eac3ee8958db242ecd77e9a101882,28017864116276017761327088509049846299893411618802438206985770796422803933356
2026-03-31T16:52:04.969019+00:00,2026-03-31T16:55:16.099935+00:00,momentum,"Bitcoin Up or Down - March 31, 12:50PM-12:55PM ET",DOWN,Down,7.0,0.78,,WIN,YES,1.9743589743589745,Down,0x740cfdbafa8d1b1d51729da79b05e641158d3a7c889175dab1eab20a2c92b5cc,66091509674921971407227514952521456996907573303653223323107401767726760115252
2026-03-31T16:52:05.724423+00:00,2026-03-31T16:55:16.452996+00:00,momentum,"XRP Up or Down - March 31, 12:50PM-12:55PM ET",DOWN,Down,2.0,0.7,,WIN,YES,0.8571428571428572,Down,0xc399b1815b072373065ddbf86465457a529b442605088f504345053fe781e31a,82777564498243135553360208414608880425732708510424523792179067013585566332959
2026-03-31T16:52:39.337875+00:00,2026-03-31T16:55:16.453155+00:00,momentum,"XRP Up or Down - March 31, 12:50PM-12:55PM ET",DOWN,Down,2.0,0.73,,WIN,YES,0.7397260273972601,Down,0xc399b1815b072373065ddbf86465457a529b442605088f504345053fe781e31a,82777564498243135553360208414608880425732708510424523792179067013585566332959
2026-03-31T16:56:33.527833+00:00,2026-03-31T17:00:18.066647+00:00,momentum,"Bitcoin Up or Down - March 31, 12:55PM-1:00PM ET",DOWN,Down,7.0,0.76,,WIN,YES,2.2105263157894743,Down,0x67a7c27b4435340a5b080c7d181d42ca2e89dc5b89da817e25ca57de56f5d9c1,5609863382524001164937563612073989647562169268223129399063208074976926089318
2026-03-31T16:56:33.871003+00:00,2026-03-31T17:00:18.519568+00:00,momentum,"Ethereum Up or Down - March 31, 12:55PM-1:00PM ET",DOWN,Down,2.0,0.78,,WIN,YES,0.5641025641025639,Down,0x046ea6ce9cea3698598f5eb7ae8263798ef5e440714e5e1cb58a6c01ae488990,73021198375901234445471201164051736719307287880713684290822704581709072531772
2026-03-31T16:56:37.341891+00:00,2026-03-31T17:00:18.660013+00:00,momentum,"Bitcoin Up or Down - March 31, 12:55PM-1:00PM ET",DOWN,Down,7.0,0.81,,WIN,YES,1.6419753086419746,Down,0x67a7c27b4435340a5b080c7d181d42ca2e89dc5b89da817e25ca57de56f5d9c1,5609863382524001164937563612073989647562169268223129399063208074976926089318
2026-03-31T16:56:39.959472+00:00,2026-03-31T17:00:18.815806+00:00,momentum,"Ethereum Up or Down - March 31, 12:55PM-1:00PM ET",DOWN,Down,2.0,0.84,,WIN,YES,0.38095238095238093,Down,0x046ea6ce9cea3698598f5eb7ae8263798ef5e440714e5e1cb58a6c01ae488990,73021198375901234445471201164051736719307287880713684290822704581709072531772
2026-03-31T16:56:34.192513+00:00,2026-03-31T17:01:18.036233+00:00,momentum,"Solana Up or Down - March 31, 12:55PM-1:00PM ET",DOWN,Down,2.0,0.74,,LOSS,NO,-2.0,,0xd077336d8b292bba56d161d9292d626bae72778be9d035f5674323209ace1140,31064043305962693008841390249820048987003616349037944382446308342403386837303
2026-03-31T16:56:38.634886+00:00,2026-03-31T17:01:18.191773+00:00,momentum,"XRP Up or Down - March 31, 12:55PM-1:00PM ET",DOWN,Down,2.0,0.82,,LOSS,NO,-2.0,,0x6e73a7dd592f2425983dbda64fb0e0ba88098096718dab2ed294c3f10767f8a1,82678485168715264899786457758811194977451689719546474517332081986874750969250
2026-03-31T16:56:41.634134+00:00,2026-03-31T17:01:18.192986+00:00,momentum,"Solana Up or Down - March 31, 12:55PM-1:00PM ET",DOWN,Down,2.0,0.79,,LOSS,NO,-2.0,,0xd077336d8b292bba56d161d9292d626bae72778be9d035f5674323209ace1140,31064043305962693008841390249820048987003616349037944382446308342403386837303
2026-03-31T16:57:15.819150+00:00,2026-03-31T17:01:18.193202+00:00,momentum,"XRP Up or Down - March 31, 12:55PM-1:00PM ET",DOWN,Down,2.0,0.83,,LOSS,NO,-2.0,,0x6e73a7dd592f2425983dbda64fb0e0ba88098096718dab2ed294c3f10767f8a1,82678485168715264899786457758811194977451689719546474517332081986874750969250
2026-03-31T17:01:36.221540+00:00,2026-03-31T17:05:19.877642+00:00,momentum,"XRP Up or Down - March 31, 1:00PM-1:05PM ET",UP,Up,2.0,0.73,,WIN,YES,0.7397260273972601,Up,0xe67552945022c7f37d8fbc2c440510cfd62785ddb0fb1e3499146f6eecd49fb1,53040385128454718166345990025181960684660624741433079817065999965561872720531
2026-03-31T17:01:37.613154+00:00,2026-03-31T17:05:19.878765+00:00,momentum,"XRP Up or Down - March 31, 1:00PM-1:05PM ET",UP,Up,2.0,0.74,,WIN,YES,0.7027027027027026,Up,0xe67552945022c7f37d8fbc2c440510cfd62785ddb0fb1e3499146f6eecd49fb1,53040385128454718166345990025181960684660624741433079817065999965561872720531
2026-03-31T17:01:55.963645+00:00,2026-03-31T17:05:20.273508+00:00,momentum,"Solana Up or Down - March 31, 1:00PM-1:05PM ET",UP,Up,2.0,0.73,,WIN,YES,0.7397260273972601,Up,0xd82dff5c56bc78027c27f8702b0d547004518d0e7fcfdf75fe4c0566e9049779,88780024363061391335836685050670241515534143622404331161507164189687506136131
2026-03-31T17:01:57.365461+00:00,2026-03-31T17:05:20.694429+00:00,momentum,"Bitcoin Up or Down - March 31, 1:00PM-1:05PM ET",UP,Up,7.0,0.76,,WIN,YES,2.2105263157894743,Up,0x7a6fcbeec5396c0471b364e4f7cb0cf14e1335304946d836359da36b09ef2ec6,43183883350352050945584867813425979674058799053090030302202951042364624793646
2026-03-31T17:02:08.381230+00:00,2026-03-31T17:05:21.050995+00:00,momentum,"Ethereum Up or Down - March 31, 1:00PM-1:05PM ET",UP,Up,2.0,0.7,,WIN,YES,0.8571428571428572,Up,0x6821d76114127fdd47ab81a38ab6f31a54bda1bce3b7db9e3581e4fb3f760a64,1466800427091566779639022808061341442171387102184954178778209109045545776632
2026-03-31T17:02:08.795601+00:00,2026-03-31T17:05:21.051127+00:00,momentum,"Solana Up or Down - March 31, 1:00PM-1:05PM ET",UP,Up,2.0,0.77,,WIN,YES,0.5974025974025974,Up,0xd82dff5c56bc78027c27f8702b0d547004518d0e7fcfdf75fe4c0566e9049779,88780024363061391335836685050670241515534143622404331161507164189687506136131
2026-03-31T17:02:10.136871+00:00,2026-03-31T17:05:21.051206+00:00,momentum,"Bitcoin Up or Down - March 31, 1:00PM-1:05PM ET",UP,Up,7.0,0.78,,WIN,YES,1.9743589743589745,Up,0x7a6fcbeec5396c0471b364e4f7cb0cf14e1335304946d836359da36b09ef2ec6,43183883350352050945584867813425979674058799053090030302202951042364624793646
2026-03-31T17:02:15.754741+00:00,2026-03-31T17:05:21.051261+00:00,momentum,"Ethereum Up or Down - March 31, 1:00PM-1:05PM ET",UP,Up,2.0,0.72,,WIN,YES,0.7777777777777777,Up,0x6821d76114127fdd47ab81a38ab6f31a54bda1bce3b7db9e3581e4fb3f760a64,1466800427091566779639022808061341442171387102184954178778209109045545776632
2026-03-31T17:06:30.936667+00:00,2026-03-31T17:10:22.200222+00:00,momentum,"Bitcoin Up or Down - March 31, 1:05PM-1:10PM ET",DOWN,Down,7.0,0.88,,WIN,YES,0.9545454545454541,Down,0xc9f6cee61c053a5861bd6d9c7a59b60911b9708adf198b530b524445a5c088dd,85718166685565818520576699360583091129487711855028315885900221050197818653712
2026-03-31T17:06:31.383512+00:00,2026-03-31T17:10:22.692975+00:00,momentum,"Ethereum Up or Down - March 31, 1:05PM-1:10PM ET",DOWN,Down,2.0,0.79,,WIN,YES,0.5316455696202529,Down,0x4dbf263601df1751474a1afcb572d60af2f356f5d5f7cf1aed7e41c5785bcfb7,25307675865406513742386706997337839695856487893782175787205013506944032665457
2026-03-31T17:06:31.764855+00:00,2026-03-31T17:10:23.075638+00:00,momentum,"Solana Up or Down - March 31, 1:05PM-1:10PM ET",DOWN,Down,2.0,0.85,,WIN,YES,0.3529411764705883,Down,0x1ca1b132553acc47c14b5fd48aeb64f7223ddce298df7683d709daaa0ebbf841,115006719976946447288484424565107186738339492612072158864703029565496347622647
2026-03-31T17:06:32.165692+00:00,2026-03-31T17:10:23.449770+00:00,momentum,"XRP Up or Down - March 31, 1:05PM-1:10PM ET",DOWN,Down,2.0,0.8,,WIN,YES,0.5,Down,0x424334d58272774aacd1c9543c65df0164c48bec82a1ad87fc2ce8646b0b011a,60535742219771689311365782087927525734342111519239383512080488965497247762370
2026-03-31T17:06:34.607246+00:00,2026-03-31T17:10:23.449901+00:00,momentum,"Ethereum Up or Down - March 31, 1:05PM-1:10PM ET",DOWN,Down,2.0,0.8,,WIN,YES,0.5,Down,0x4dbf263601df1751474a1afcb572d60af2f356f5d5f7cf1aed7e41c5785bcfb7,25307675865406513742386706997337839695856487893782175787205013506944032665457
2026-03-31T17:06:38.037247+00:00,2026-03-31T17:10:23.449967+00:00,momentum,"Solana Up or Down - March 31, 1:05PM-1:10PM ET",DOWN,Down,2.0,0.89,,WIN,YES,0.24719101123595522,Down,0x1ca1b132553acc47c14b5fd48aeb64f7223ddce298df7683d709daaa0ebbf841,115006719976946447288484424565107186738339492612072158864703029565496347622647
2026-03-31T17:06:38.387069+00:00,2026-03-31T17:10:23.450035+00:00,momentum,"XRP Up or Down - March 31, 1:05PM-1:10PM ET",DOWN,Down,2.0,0.88,,WIN,YES,0.27272727272727293,Down,0x424334d58272774aacd1c9543c65df0164c48bec82a1ad87fc2ce8646b0b011a,60535742219771689311365782087927525734342111519239383512080488965497247762370
2026-03-31T17:09:13.162051+00:00,2026-03-31T17:10:23.450097+00:00,momentum,"Bitcoin Up or Down - March 31, 1:05PM-1:10PM ET",DOWN,Down,7.0,0.89,,WIN,YES,0.8651685393258424,Down,0xc9f6cee61c053a5861bd6d9c7a59b60911b9708adf198b530b524445a5c088dd,85718166685565818520576699360583091129487711855028315885900221050197818653712
2026-03-31T17:16:59.087371+00:00,2026-03-31T17:20:31.386215+00:00,momentum,"Ethereum Up or Down - March 31, 1:15PM-1:20PM ET",DOWN,Down,2.0,0.73,,WIN,YES,0.7397260273972601,Down,0x01ee58031a162c961a27a41e74732db1a7dedf5eb0442381ab22e20e5953a341,112965263317243929641134948023992525767884522956662134815407255282148032711684
2026-03-31T17:17:04.646239+00:00,2026-03-31T17:20:35.438389+00:00,momentum,"Bitcoin Up or Down - March 31, 1:15PM-1:20PM ET",DOWN,Down,7.0,0.85,,WIN,YES,1.2352941176470598,Down,0xf096c403298bab3e1d7bea0be4f7521286dc789a67a6a531073dbdb55b0ae50d,48146370336374970334806424652340397949441073438621880433346481246995626071088
2026-03-31T17:17:05.150455+00:00,2026-03-31T17:20:41.470951+00:00,momentum,"XRP Up or Down - March 31, 1:15PM-1:20PM ET",DOWN,Down,2.0,0.78,,WIN,YES,0.5641025641025639,Down,0xfe2821ffb42abcf2586076487d8b869eea55803a56b9c287c90b851b4f81b143,88336881081236874862384427016614790988852193277950928123258260314645020889439
2026-03-31T17:17:08.873552+00:00,2026-03-31T17:20:41.590867+00:00,momentum,"Ethereum Up or Down - March 31, 1:15PM-1:20PM ET",DOWN,Down,2.0,0.76,,WIN,YES,0.6315789473684212,Down,0x01ee58031a162c961a27a41e74732db1a7dedf5eb0442381ab22e20e5953a341,112965263317243929641134948023992525767884522956662134815407255282148032711684
2026-03-31T17:17:14.418705+00:00,2026-03-31T17:20:41.888945+00:00,momentum,"XRP Up or Down - March 31, 1:15PM-1:20PM ET",DOWN,Down,2.0,0.82,,WIN,YES,0.4390243902439024,Down,0xfe2821ffb42abcf2586076487d8b869eea55803a56b9c287c90b851b4f81b143,88336881081236874862384427016614790988852193277950928123258260314645020889439
2026-03-31T17:17:32.858052+00:00,2026-03-31T17:20:42.003520+00:00,momentum,"Bitcoin Up or Down - March 31, 1:15PM-1:20PM ET",DOWN,Down,7.0,0.88,,WIN,YES,0.9545454545454541,Down,0xf096c403298bab3e1d7bea0be4f7521286dc789a67a6a531073dbdb55b0ae50d,48146370336374970334806424652340397949441073438621880433346481246995626071088
2026-03-31T17:17:11.134902+00:00,2026-03-31T17:21:31.305985+00:00,momentum,"Solana Up or Down - March 31, 1:15PM-1:20PM ET",DOWN,Down,2.0,0.77,,WIN,YES,0.5974025974025974,Down,0xe743b7a6c840105036166a7f1d312567406340f90d8855bc7099b236c9ff808b,38324154752532582248230213476558547321350953997070991385953114766780266625968
2026-03-31T17:17:12.807141+00:00,2026-03-31T17:21:31.306093+00:00,momentum,"Solana Up or Down - March 31, 1:15PM-1:20PM ET",DOWN,Down,2.0,0.78,,LOSS,NO,-2.0,,0xe743b7a6c840105036166a7f1d312567406340f90d8855bc7099b236c9ff808b,38324154752532582248230213476558547321350953997070991385953114766780266625968
2026-03-31T17:21:32.317826+00:00,2026-03-31T17:25:28.740590+00:00,momentum,"Bitcoin Up or Down - March 31, 1:20PM-1:25PM ET",DOWN,Down,7.0,0.74,,LOSS,NO,-7.0,,0xae304d9f2b17cb3ead9cab3269f8273f59179cac9fc78b4f1ab0138e1ad30081,112212465811425511759629564155278242601408312040633272309159306077879530073592
2026-03-31T17:21:32.729914+00:00,2026-03-31T17:25:28.891870+00:00,momentum,"Ethereum Up or Down - March 31, 1:20PM-1:25PM ET",DOWN,Down,2.0,0.73,,LOSS,NO,-2.0,,0xee264115d0723bb7c393e3554dabc2cd1d558ddb2b504e29deda6e1afd934801,62281157314808496537439205703044617822010974398842181574643605368821241869135
2026-03-31T17:21:33.125781+00:00,2026-03-31T17:25:29.036660+00:00,momentum,"Solana Up or Down - March 31, 1:20PM-1:25PM ET",DOWN,Down,2.0,0.82,,LOSS,NO,-2.0,,0x5de8987b3b399249c3ba0ce72b8de0d4e4a9306ad0d9851c18e4244401e894f1,30787737426314722494379406572196324883782817968094044223988618158159905077608
2026-03-31T17:21:33.521850+00:00,2026-03-31T17:25:29.188190+00:00,momentum,"XRP Up or Down - March 31, 1:20PM-1:25PM ET",DOWN,Down,2.0,0.78,,LOSS,NO,-2.0,,0x0af070cefe78f28e808c5cdd958f6486bd5ad596c60f4027d61dff7328a6bc80,72096541591715884103281440113059369978641180653929464187641287947556360602689
2026-03-31T17:21:35.493698+00:00,2026-03-31T17:25:29.188614+00:00,momentum,"Ethereum Up or Down - March 31, 1:20PM-1:25PM ET",DOWN,Down,2.0,0.74,,LOSS,NO,-2.0,,0xee264115d0723bb7c393e3554dabc2cd1d558ddb2b504e29deda6e1afd934801,62281157314808496537439205703044617822010974398842181574643605368821241869135
2026-03-31T17:21:37.148450+00:00,2026-03-31T17:25:29.188686+00:00,momentum,"Bitcoin Up or Down - March 31, 1:20PM-1:25PM ET",DOWN,Down,7.0,0.79,,LOSS,NO,-7.0,,0xae304d9f2b17cb3ead9cab3269f8273f59179cac9fc78b4f1ab0138e1ad30081,112212465811425511759629564155278242601408312040633272309159306077879530073592
2026-03-31T17:21:37.480057+00:00,2026-03-31T17:25:29.188744+00:00,momentum,"XRP Up or Down - March 31, 1:20PM-1:25PM ET",DOWN,Down,2.0,0.8,,LOSS,NO,-2.0,,0x0af070cefe78f28e808c5cdd958f6486bd5ad596c60f4027d61dff7328a6bc80,72096541591715884103281440113059369978641180653929464187641287947556360602689
2026-03-31T17:21:44.827270+00:00,2026-03-31T17:25:29.188789+00:00,momentum,"Solana Up or Down - March 31, 1:20PM-1:25PM ET",DOWN,Down,2.0,0.84,,LOSS,NO,-2.0,,0x5de8987b3b399249c3ba0ce72b8de0d4e4a9306ad0d9851c18e4244401e894f1,30787737426314722494379406572196324883782817968094044223988618158159905077608
2026-03-31T17:26:33.870923+00:00,2026-03-31T17:30:35.351823+00:00,momentum,"Solana Up or Down - March 31, 1:25PM-1:30PM ET",DOWN,Down,2.0,0.76,,WIN,YES,0.6315789473684212,Down,0x9e92ea15940080e3ab2b089e1832c71050bb8fdc57bd80aaafa10c7084894880,93730317691169562480593747216074758067385778393990259758660223676527277029418
2026-03-31T17:26:34.194714+00:00,2026-03-31T17:30:41.493834+00:00,momentum,"XRP Up or Down - March 31, 1:25PM-1:30PM ET",DOWN,Down,2.0,0.88,,WIN,YES,0.27272727272727293,Down,0xcaa0cf0a1d59241e7c178d79955e7e33368b8ac655dd754d2930a66e97e9fb70,93317299318306340781925076890169179438901074400393484214053188753410842991561
2026-03-31T17:26:40.672306+00:00,2026-03-31T17:30:41.615089+00:00,momentum,"Solana Up or Down - March 31, 1:25PM-1:30PM ET",DOWN,Down,2.0,0.78,,WIN,YES,0.5641025641025639,Down,0x9e92ea15940080e3ab2b089e1832c71050bb8fdc57bd80aaafa10c7084894880,93730317691169562480593747216074758067385778393990259758660223676527277029418
2026-03-31T17:26:41.030696+00:00,2026-03-31T17:30:41.737830+00:00,momentum,"XRP Up or Down - March 31, 1:25PM-1:30PM ET",DOWN,Down,2.0,0.89,,WIN,YES,0.24719101123595522,Down,0xcaa0cf0a1d59241e7c178d79955e7e33368b8ac655dd754d2930a66e97e9fb70,93317299318306340781925076890169179438901074400393484214053188753410842991561
2026-03-31T17:31:31.535937+00:00,2026-03-31T17:35:35.075783+00:00,momentum,"Bitcoin Up or Down - March 31, 1:30PM-1:35PM ET",DOWN,Down,7.0,0.71,,WIN,YES,2.859154929577466,Down,0x63646894444cf2e15741b0a8954584f9b9e14b72a5a6ef6cebb92f2a59807d56,32314528586879326856194281190283229788257673611468926152299296719810966348053
2026-03-31T17:31:36.106598+00:00,2026-03-31T17:35:35.075951+00:00,momentum,"Bitcoin Up or Down - March 31, 1:30PM-1:35PM ET",DOWN,Down,7.0,0.72,,WIN,YES,2.722222222222223,Down,0x63646894444cf2e15741b0a8954584f9b9e14b72a5a6ef6cebb92f2a59807d56,32314528586879326856194281190283229788257673611468926152299296719810966348053
2026-03-31T17:31:47.462912+00:00,2026-03-31T17:35:35.450658+00:00,momentum,"XRP Up or Down - March 31, 1:30PM-1:35PM ET",UP,Up,2.0,0.72,,WIN,YES,0.7777777777777777,Up,0xf2afc674c27d537869ccce0ec67feedaa940298d0ff372ba7607819d3b1aa24f,13988181891692181473876375711008293771099107173060077603949376419148887943671
2026-03-31T17:31:48.870767+00:00,2026-03-31T17:35:35.450766+00:00,momentum,"XRP Up or Down - March 31, 1:30PM-1:35PM ET",UP,Up,2.0,0.74,,WIN,YES,0.7027027027027026,Up,0xf2afc674c27d537869ccce0ec67feedaa940298d0ff372ba7607819d3b1aa24f,13988181891692181473876375711008293771099107173060077603949376419148887943671
2026-03-31T17:31:50.217041+00:00,2026-03-31T17:35:35.794008+00:00,momentum,"Ethereum Up or Down - March 31, 1:30PM-1:35PM ET",UP,Up,2.0,0.71,,WIN,YES,0.8169014084507045,Up,0x101c420b685964182a9a67e9ad90617fc9a8aa8d69c2715417185ecc629c0a21,16135712436357325457435554265348977080405412210323410122871970515191805894143
2026-03-31T17:31:53.956056+00:00,2026-03-31T17:35:35.794143+00:00,momentum,"Ethereum Up or Down - March 31, 1:30PM-1:35PM ET",UP,Up,2.0,0.74,,WIN,YES,0.7027027027027026,Up,0x101c420b685964182a9a67e9ad90617fc9a8aa8d69c2715417185ecc629c0a21,16135712436357325457435554265348977080405412210323410122871970515191805894143
2026-03-31T17:32:06.297585+00:00,2026-03-31T17:35:36.155805+00:00,momentum,"Solana Up or Down - March 31, 1:30PM-1:35PM ET",UP,Up,2.0,0.7,,WIN,YES,0.8571428571428572,Up,0xefb46cf2d06a59b126ae96ff352b2847caf4a03069c987ad127dd43eb8b9fece,13750230207093817407540145719766386751371068298869641726230043850411011073084
2026-03-31T17:32:08.698125+00:00,2026-03-31T17:35:36.155914+00:00,momentum,"Solana Up or Down - March 31, 1:30PM-1:35PM ET",UP,Up,2.0,0.72,,WIN,YES,0.7777777777777777,Up,0xefb46cf2d06a59b126ae96ff352b2847caf4a03069c987ad127dd43eb8b9fece,13750230207093817407540145719766386751371068298869641726230043850411011073084
2026-03-31T17:36:30.022807+00:00,2026-03-31T17:40:39.326977+00:00,momentum,"Bitcoin Up or Down - March 31, 1:35PM-1:40PM ET",DOWN,Down,7.0,0.81,,WIN,YES,1.6419753086419746,Down,0x985c351cc4b4d1760598af730317673b63d46a015bec89914cb023fdf0e7ef84,970230732836301732888440828499847169673629235884703115778630423899744553149
2026-03-31T17:36:30.842224+00:00,2026-03-31T17:40:45.351444+00:00,momentum,"Solana Up or Down - March 31, 1:35PM-1:40PM ET",DOWN,Down,2.0,0.76,,WIN,YES,0.6315789473684212,Down,0x2f04afd1863fb2fc37798c138a38179fe9b91a61163d23e0fc5f8c247e28cfee,102684731206821582215578635190675415040933783895740914394090752203366342005227
2026-03-31T17:36:32.232759+00:00,2026-03-31T17:40:49.391527+00:00,momentum,"Ethereum Up or Down - March 31, 1:35PM-1:40PM ET",DOWN,Down,2.0,0.7,,WIN,YES,0.8571428571428572,Down,0x5ebaa09321281d603c7e1e4eef0c9d7fad304b9e6deb266ef837f11749b567f7,107479220903212489734437715934284144543298868387350116000523936356037886463677
2026-03-31T17:36:33.632282+00:00,2026-03-31T17:40:49.511739+00:00,momentum,"Ethereum Up or Down - March 31, 1:35PM-1:40PM ET",DOWN,Down,2.0,0.71,,WIN,YES,0.8169014084507045,Down,0x5ebaa09321281d603c7e1e4eef0c9d7fad304b9e6deb266ef837f11749b567f7,107479220903212489734437715934284144543298868387350116000523936356037886463677
2026-03-31T17:41:30.499045+00:00,2026-03-31T17:45:41.237947+00:00,momentum,"Ethereum Up or Down - March 31, 1:40PM-1:45PM ET",DOWN,Down,2.0,0.88,,WIN,YES,0.27272727272727293,Down,0xeecce866aa974b5ca53194326d08bf6303498a69b013802f8f6f3cf9ff77a8ee,12742367720851585132136558873712772150733309665425216683145558194274554536363
2026-03-31T17:41:31.094551+00:00,2026-03-31T17:45:47.353840+00:00,momentum,"XRP Up or Down - March 31, 1:40PM-1:45PM ET",DOWN,Down,2.0,0.8,,WIN,YES,0.5,Down,0x9041b73de6d8a9fe67d18b777218896a47c79d7f8e5227f81f9e06108661a687,107283628526353708990350448964738747488431950367383000326403468208534134513245
2026-03-31T17:41:32.593390+00:00,2026-03-31T17:45:51.330560+00:00,momentum,"Solana Up or Down - March 31, 1:40PM-1:45PM ET",DOWN,Down,2.0,0.7,,WIN,YES,0.8571428571428572,Down,0x0fdea71cebc44d1109a911c6de34c1201787d7d41e3caa178f4077e9797aa20b,100096781384504012634581377251132420492466030931674088593059685357464377735720
2026-03-31T17:41:42.496988+00:00,2026-03-31T17:45:51.443148+00:00,momentum,"Ethereum Up or Down - March 31, 1:40PM-1:45PM ET",DOWN,Down,2.0,0.89,,WIN,YES,0.24719101123595522,Down,0xeecce866aa974b5ca53194326d08bf6303498a69b013802f8f6f3cf9ff77a8ee,12742367720851585132136558873712772150733309665425216683145558194274554536363
2026-03-31T17:41:42.858229+00:00,2026-03-31T17:45:51.577065+00:00,momentum,"Solana Up or Down - March 31, 1:40PM-1:45PM ET",DOWN,Down,2.0,0.71,,WIN,YES,0.8169014084507045,Down,0x0fdea71cebc44d1109a911c6de34c1201787d7d41e3caa178f4077e9797aa20b,100096781384504012634581377251132420492466030931674088593059685357464377735720
2026-03-31T17:41:43.211438+00:00,2026-03-31T17:45:51.713214+00:00,momentum,"XRP Up or Down - March 31, 1:40PM-1:45PM ET",DOWN,Down,2.0,0.82,,WIN,YES,0.4390243902439024,Down,0x9041b73de6d8a9fe67d18b777218896a47c79d7f8e5227f81f9e06108661a687,107283628526353708990350448964738747488431950367383000326403468208534134513245
2026-03-31T17:41:44.546250+00:00,2026-03-31T17:45:57.252394+00:00,momentum,"Bitcoin Up or Down - March 31, 1:40PM-1:45PM ET",DOWN,Down,7.0,0.75,,WIN,YES,2.333333333333334,Down,0xe477d61f75fde6188e48af18f51b53d650df53670dafa409bd2b5f41ed81aea0,16428223630309026546426652410454965594138275103194956692998940806541154442958
2026-03-31T17:41:52.303626+00:00,2026-03-31T17:45:57.396107+00:00,momentum,"Bitcoin Up or Down - March 31, 1:40PM-1:45PM ET",DOWN,Down,7.0,0.77,,WIN,YES,2.09090909090909,Down,0xe477d61f75fde6188e48af18f51b53d650df53670dafa409bd2b5f41ed81aea0,16428223630309026546426652410454965594138275103194956692998940806541154442958
2026-03-31T17:46:30.266912+00:00,2026-03-31T17:50:41.431896+00:00,momentum,"Ethereum Up or Down - March 31, 1:45PM-1:50PM ET",UP,Up,2.0,0.75,,WIN,YES,0.6666666666666665,Up,0x993c2ad48c96518945481c658a5bf39021f3d7971372fd6a1564b9077f48fd79,5790622476084777441220597102979855555659753066444827352633228999614956499307
2026-03-31T17:46:32.063452+00:00,2026-03-31T17:50:41.571446+00:00,momentum,"Bitcoin Up or Down - March 31, 1:45PM-1:50PM ET",UP,Up,7.0,0.72,,LOSS,NO,-7.0,,0x8e2cecfb007f1b69fc038b34068f434fac8abf1f79711c046ee594d174666d5d,8411998099769594226190517673112093789749971079482274160553829180585964256790
2026-03-31T17:46:35.655554+00:00,2026-03-31T17:50:41.709601+00:00,momentum,"Solana Up or Down - March 31, 1:45PM-1:50PM ET",UP,Up,2.0,0.7,,LOSS,NO,-2.0,,0x89394ad61a01e0393f59c52711e6352f00b44bb252f7e6ab933e0a9e8f491bc1,49041242097405494790047090876896431222673869531762297953832688435994802327530
2026-03-31T17:46:53.591302+00:00,2026-03-31T17:50:42.036024+00:00,momentum,"XRP Up or Down - March 31, 1:45PM-1:50PM ET",DOWN,Down,2.0,0.7,,WIN,YES,0.8571428571428572,Down,0xb043f70d4cefb4542b4f66b44f375c041105ad29208bc89b0c878d2456835146,46857250783130751113462268803762200129516247683743111886543249001566259758141
2026-03-31T17:47:00.006834+00:00,2026-03-31T17:50:42.036136+00:00,momentum,"XRP Up or Down - March 31, 1:45PM-1:50PM ET",DOWN,Down,2.0,0.72,,WIN,YES,0.7777777777777777,Down,0xb043f70d4cefb4542b4f66b44f375c041105ad29208bc89b0c878d2456835146,46857250783130751113462268803762200129516247683743111886543249001566259758141
2026-03-31T17:47:12.371196+00:00,2026-03-31T17:50:42.036200+00:00,momentum,"Solana Up or Down - March 31, 1:45PM-1:50PM ET",UP,Up,2.0,0.71,,LOSS,NO,-2.0,,0x89394ad61a01e0393f59c52711e6352f00b44bb252f7e6ab933e0a9e8f491bc1,49041242097405494790047090876896431222673869531762297953832688435994802327530
2026-03-31T17:52:04.682896+00:00,2026-03-31T17:55:53.300883+00:00,momentum,"XRP Up or Down - March 31, 1:50PM-1:55PM ET",DOWN,Down,2.0,0.7,,WIN,YES,0.8571428571428572,Down,0x139310caefe51dbef0219c56057452519bc9436d7e8e67fa76bf550e05a1f5d3,99254556310886443243910473361276071025767137111193248791251010697123664075585
2026-03-31T17:52:12.129955+00:00,2026-03-31T17:55:57.260091+00:00,momentum,"Ethereum Up or Down - March 31, 1:50PM-1:55PM ET",DOWN,Down,2.0,0.75,,WIN,YES,0.6666666666666665,Down,0x63ed9ac0a1bb8297dab52e83c3014f1d586b3ccfe0434f95aba43e7f98ac8ebb,86832294401341246581585409022172421916115769855002747384449095009883019385072
2026-03-31T17:52:12.854567+00:00,2026-03-31T17:55:57.375487+00:00,momentum,"XRP Up or Down - March 31, 1:50PM-1:55PM ET",DOWN,Down,2.0,0.79,,WIN,YES,0.5316455696202529,Down,0x139310caefe51dbef0219c56057452519bc9436d7e8e67fa76bf550e05a1f5d3,99254556310886443243910473361276071025767137111193248791251010697123664075585
2026-03-31T17:52:15.915816+00:00,2026-03-31T17:56:03.425777+00:00,momentum,"Solana Up or Down - March 31, 1:50PM-1:55PM ET",DOWN,Down,2.0,0.79,,WIN,YES,0.5316455696202529,Down,0x06d49b4fe511fa163311087eab6db52aa40cea9165ea3bb968c780025725f2d8,23312427886913335820734740425243886932132339102708335069489790118857947593949
2026-03-31T17:52:17.236747+00:00,2026-03-31T17:56:03.549938+00:00,momentum,"Ethereum Up or Down - March 31, 1:50PM-1:55PM ET",DOWN,Down,2.0,0.78,,WIN,YES,0.5641025641025639,Down,0x63ed9ac0a1bb8297dab52e83c3014f1d586b3ccfe0434f95aba43e7f98ac8ebb,86832294401341246581585409022172421916115769855002747384449095009883019385072
2026-03-31T17:52:18.627377+00:00,2026-03-31T17:56:03.698892+00:00,momentum,"Solana Up or Down - March 31, 1:50PM-1:55PM ET",DOWN,Down,2.0,0.81,,WIN,YES,0.46913580246913567,Down,0x06d49b4fe511fa163311087eab6db52aa40cea9165ea3bb968c780025725f2d8,23312427886913335820734740425243886932132339102708335069489790118857947593949
2026-03-31T17:51:30.805654+00:00,2026-03-31T17:59:50.880999+00:00,momentum,"Bitcoin Up or Down - March 31, 1:50PM-1:55PM ET",UP,Up,7.0,0.78,,LOSS,NO,-7.0,Down,0xa3605ed5c97ee06caa5a9dd49e98b3e66429a611e225ca1c07dc3e5ed00b08d2,77536699975642780353023215259122853129971199550274747867141882142792448063020
2026-03-31T17:56:30.767738+00:00,2026-03-31T17:59:51.285965+00:00,momentum,"Bitcoin Up or Down - March 31, 1:55PM-2:00PM ET",DOWN,Down,7.0,0.89,,WIN,YES,0.8651685393258424,Down,0x89be2d9fe7815b21e22a4ba4a49ec8bc123e0428f41e471a824b18706996102c,22538132765509413115676519348247624639857685052360385639875690516652049704844
2026-03-31T17:56:31.183839+00:00,2026-03-31T17:59:51.632091+00:00,momentum,"Ethereum Up or Down - March 31, 1:55PM-2:00PM ET",DOWN,Down,2.0,0.84,,WIN,YES,0.38095238095238093,Down,0xf6064c670f86a53d8a068e142840633f50e93e2c0d3eb0b3f5224bf5d885fa58,41711473530703393377645143950857873735226988226500930485570968092795967348959
2026-03-31T17:56:36.685149+00:00,2026-03-31T17:59:51.632346+00:00,momentum,"Ethereum Up or Down - March 31, 1:55PM-2:00PM ET",DOWN,Down,2.0,0.85,,WIN,YES,0.3529411764705883,Down,0xf6064c670f86a53d8a068e142840633f50e93e2c0d3eb0b3f5224bf5d885fa58,41711473530703393377645143950857873735226988226500930485570968092795967348959
2026-03-31T17:58:44.902153+00:00,2026-03-31T17:59:52.104101+00:00,momentum,"XRP Up or Down - March 31, 1:55PM-2:00PM ET",UP,Up,2.0,0.73,,WIN,YES,0.7397260273972601,Up,0x31f9f34d8e8ed290da91670db0d55d6a29ffbe9faf3ec4ae213039b83dfe2871,67247368616754521302550669261493115401232404392066771621584374829032129588295
2026-03-31T17:58:52.181758+00:00,2026-03-31T17:59:52.104230+00:00,momentum,"XRP Up or Down - March 31, 1:55PM-2:00PM ET",UP,Up,2.0,0.78,,WIN,YES,0.5641025641025639,Up,0x31f9f34d8e8ed290da91670db0d55d6a29ffbe9faf3ec4ae213039b83dfe2871,67247368616754521302550669261493115401232404392066771621584374829032129588295
2026-03-31T17:56:37.021431+00:00,2026-03-31T18:00:51.629618+00:00,momentum,"Solana Up or Down - March 31, 1:55PM-2:00PM ET",DOWN,Down,2.0,0.71,,LOSS,NO,-2.0,,0x7ad03f0203ec3efd34c6fa1aa6bf3b641021991acbc1e4575b3e2d5f0ed37cda,91746223521892962659639683483866286155157596696942376437300946378324557032599
2026-03-31T17:56:41.477430+00:00,2026-03-31T18:00:51.630079+00:00,momentum,"Solana Up or Down - March 31, 1:55PM-2:00PM ET",DOWN,Down,2.0,0.78,,LOSS,NO,-2.0,,0x7ad03f0203ec3efd34c6fa1aa6bf3b641021991acbc1e4575b3e2d5f0ed37cda,91746223521892962659639683483866286155157596696942376437300946378324557032599
2026-03-31T18:01:31.936956+00:00,2026-03-31T18:04:54.218590+00:00,momentum,"Bitcoin Up or Down - March 31, 2:00PM-2:05PM ET",UP,Up,7.0,0.76,,WIN,YES,2.2105263157894743,Up,0xbcf869e03757ea1d06f6d3efcf8f60e16c95629ca37d28ebed7c7e68e5f96e5a,3600971473080304629343095791290175168505441557321835632743838627882339598622
2026-03-31T18:01:32.524949+00:00,2026-03-31T18:04:54.534320+00:00,momentum,"Ethereum Up or Down - March 31, 2:00PM-2:05PM ET",UP,Up,2.0,0.84,,WIN,YES,0.38095238095238093,Up,0x12c38492987ab535ebf550e906ba8379d0433112d27693df1f908e5ed6bf7483,15839057288466545984583628201125158327144278415658584508462995526486247814495
2026-03-31T18:01:32.864093+00:00,2026-03-31T18:04:54.864144+00:00,momentum,"Solana Up or Down - March 31, 2:00PM-2:05PM ET",UP,Up,2.0,0.7,,WIN,YES,0.8571428571428572,Up,0x81167bbcc2f618b1247f4b430a23c50a3417a9838533448e90d2b0fd7637ccc6,24341663190914286734205655637774104533229716902593660367957466689950135956824
2026-03-31T18:01:33.255744+00:00,2026-03-31T18:04:55.200193+00:00,momentum,"XRP Up or Down - March 31, 2:00PM-2:05PM ET",UP,Up,2.0,0.84,,WIN,YES,0.38095238095238093,Up,0x4dd9bd13047393d14726cf589c8ea3ea9c6339d043a9ce005f9e4408d2f44246,35014139186644157398600290402641689313771249985402512829303696600571879006149
2026-03-31T18:01:35.666702+00:00,2026-03-31T18:04:55.200376+00:00,momentum,"Bitcoin Up or Down - March 31, 2:00PM-2:05PM ET",UP,Up,7.0,0.78,,WIN,YES,1.9743589743589745,Up,0xbcf869e03757ea1d06f6d3efcf8f60e16c95629ca37d28ebed7c7e68e5f96e5a,3600971473080304629343095791290175168505441557321835632743838627882339598622
2026-03-31T18:01:39.934906+00:00,2026-03-31T18:04:55.200494+00:00,momentum,"Ethereum Up or Down - March 31, 2:00PM-2:05PM ET",UP,Up,2.0,0.87,,WIN,YES,0.29885057471264354,Up,0x12c38492987ab535ebf550e906ba8379d0433112d27693df1f908e5ed6bf7483,15839057288466545984583628201125158327144278415658584508462995526486247814495
2026-03-31T18:01:40.280106+00:00,2026-03-31T18:04:55.200569+00:00,momentum,"Solana Up or Down - March 31, 2:00PM-2:05PM ET",UP,Up,2.0,0.71,,WIN,YES,0.8169014084507045,Up,0x81167bbcc2f618b1247f4b430a23c50a3417a9838533448e90d2b0fd7637ccc6,24341663190914286734205655637774104533229716902593660367957466689950135956824
2026-03-31T18:01:46.366134+00:00,2026-03-31T18:04:55.200627+00:00,momentum,"XRP Up or Down - March 31, 2:00PM-2:05PM ET",UP,Up,2.0,0.85,,WIN,YES,0.3529411764705883,Up,0x4dd9bd13047393d14726cf589c8ea3ea9c6339d043a9ce005f9e4408d2f44246,35014139186644157398600290402641689313771249985402512829303696600571879006149
2026-03-31T18:06:30.423734+00:00,2026-03-31T18:10:00.352673+00:00,momentum,"XRP Up or Down - March 31, 2:05PM-2:10PM ET",UP,Up,2.0,0.74,,WIN,YES,0.7027027027027026,Up,0xbfeefadd45d9f071831787986b322ee57753e2fa49707b5878cd0d4432aa8d6d,84767367176434728831461055820003790303361406685404321441137747816294460559644
2026-03-31T18:07:18.136515+00:00,2026-03-31T18:10:00.352794+00:00,momentum,"XRP Up or Down - March 31, 2:05PM-2:10PM ET",UP,Up,2.0,0.81,,WIN,YES,0.46913580246913567,Up,0xbfeefadd45d9f071831787986b322ee57753e2fa49707b5878cd0d4432aa8d6d,84767367176434728831461055820003790303361406685404321441137747816294460559644
2026-03-31T18:07:26.059843+00:00,2026-03-31T18:10:00.765258+00:00,momentum,"Ethereum Up or Down - March 31, 2:05PM-2:10PM ET",UP,Up,2.0,0.82,,WIN,YES,0.4390243902439024,Up,0x5e85695f7aab22c5fbb5a10cebb4296c5dc930515d5637475aa0c8f777c6a6b7,76192298598444840655248311899205538186750088533624741608415125585870171634387
2026-03-31T18:07:32.517113+00:00,2026-03-31T18:10:01.164966+00:00,momentum,"Solana Up or Down - March 31, 2:05PM-2:10PM ET",UP,Up,2.0,0.7,,WIN,YES,0.8571428571428572,Up,0x44eac9afe874ed4dfdd0a57ed0eae15f6b3efebea9bac84312b1d6dd8c517056,41486166423294753304942978160043315460899267077943095261783511894203933117089
2026-03-31T18:07:36.007051+00:00,2026-03-31T18:10:01.165112+00:00,momentum,"Ethereum Up or Down - March 31, 2:05PM-2:10PM ET",UP,Up,2.0,0.83,,WIN,YES,0.4096385542168677,Up,0x5e85695f7aab22c5fbb5a10cebb4296c5dc930515d5637475aa0c8f777c6a6b7,76192298598444840655248311899205538186750088533624741608415125585870171634387
2026-03-31T18:07:40.257263+00:00,2026-03-31T18:10:01.592729+00:00,momentum,"Bitcoin Up or Down - March 31, 2:05PM-2:10PM ET",UP,Up,7.0,0.72,,WIN,YES,2.722222222222223,Up,0x2d9fdbae25bf7ea0f6f76368b7f9fd708cf111ee28976cf494fc0eafb0c2a786,24878585494290713178469357849105485862694150457914580939679572060151109511776
2026-03-31T18:07:40.646421+00:00,2026-03-31T18:10:01.592891+00:00,momentum,"Solana Up or Down - March 31, 2:05PM-2:10PM ET",UP,Up,2.0,0.76,,WIN,YES,0.6315789473684212,Up,0x44eac9afe874ed4dfdd0a57ed0eae15f6b3efebea9bac84312b1d6dd8c517056,41486166423294753304942978160043315460899267077943095261783511894203933117089
2026-03-31T18:07:48.466169+00:00,2026-03-31T18:10:01.592968+00:00,momentum,"Bitcoin Up or Down - March 31, 2:05PM-2:10PM ET",UP,Up,7.0,0.87,,WIN,YES,1.0459770114942533,Up,0x2d9fdbae25bf7ea0f6f76368b7f9fd708cf111ee28976cf494fc0eafb0c2a786,24878585494290713178469357849105485862694150457914580939679572060151109511776
2026-03-31T18:11:30.315277+00:00,2026-03-31T18:15:02.755631+00:00,momentum,"Bitcoin Up or Down - March 31, 2:10PM-2:15PM ET",DOWN,Down,7.0,0.73,,LOSS,NO,-7.0,,0x2193c5a8bcdf818a305f908a09447a972f37204560bc1edf4e8db51a50214575,47641841493796140776766528675780254816546918640427649309919130873447788205820
2026-03-31T18:11:33.446311+00:00,2026-03-31T18:15:03.223067+00:00,momentum,"XRP Up or Down - March 31, 2:10PM-2:15PM ET",DOWN,Down,2.0,0.75,,WIN,YES,0.6666666666666665,Down,0xd2cd28900eb4e67283f9387a1807108093f1a997e11678a72cf418a5bc9aeec3,59988914493290915787946277305942516752421879216101752558164591213860674390548
2026-03-31T18:11:36.844107+00:00,2026-03-31T18:15:03.223246+00:00,momentum,"Bitcoin Up or Down - March 31, 2:10PM-2:15PM ET",DOWN,Down,7.0,0.76,,LOSS,NO,-7.0,,0x2193c5a8bcdf818a305f908a09447a972f37204560bc1edf4e8db51a50214575,47641841493796140776766528675780254816546918640427649309919130873447788205820
2026-03-31T18:11:39.873304+00:00,2026-03-31T18:15:03.223340+00:00,momentum,"XRP Up or Down - March 31, 2:10PM-2:15PM ET",DOWN,Down,2.0,0.83,,WIN,YES,0.4096385542168677,Down,0xd2cd28900eb4e67283f9387a1807108093f1a997e11678a72cf418a5bc9aeec3,59988914493290915787946277305942516752421879216101752558164591213860674390548
2026-03-31T18:13:33.909294+00:00,2026-03-31T18:15:03.378714+00:00,momentum,"Ethereum Up or Down - March 31, 2:10PM-2:15PM ET",DOWN,Down,2.0,0.75,,LOSS,NO,-2.0,,0xe2ab12b29a89b7e4dcfd9056bb7f2ce0f937d8508a2cae5ca1f9b822df3fa282,46579614380638631169087135227295386018385469297730952280301845580397155158986
2026-03-31T18:14:39.963782+00:00,2026-03-31T18:15:03.806055+00:00,momentum,"Solana Up or Down - March 31, 2:10PM-2:15PM ET",UP,Up,2.0,0.73,,WIN,YES,0.7397260273972601,Up,0xdb4c17beac6f11e0c68099055198f7accd6e576d47805aa55b1069814a07428c,85294218485587776774466424856320859760882298076187811831605284401260132633150
2026-03-31T18:14:46.599976+00:00,2026-03-31T18:15:03.806184+00:00,momentum,"Solana Up or Down - March 31, 2:10PM-2:15PM ET",UP,Up,2.0,0.79,,WIN,YES,0.5316455696202529,Up,0xdb4c17beac6f11e0c68099055198f7accd6e576d47805aa55b1069814a07428c,85294218485587776774466424856320859760882298076187811831605284401260132633150
2026-03-31T18:16:30.079653+00:00,2026-03-31T18:20:04.597991+00:00,momentum,"Bitcoin Up or Down - March 31, 2:15PM-2:20PM ET",UP,Up,7.0,0.85,,LOSS,NO,-7.0,,0xabe6b24cb8e8b9a5610e91a1d8368509ea20978b399173351513d972b43db212,64595014134718701627599968659031401560319783449832475442124242961878884604805
2026-03-31T18:16:30.489596+00:00,2026-03-31T18:20:04.877542+00:00,momentum,"Ethereum Up or Down - March 31, 2:15PM-2:20PM ET",UP,Up,2.0,0.79,,LOSS,NO,-2.0,,0x7deed16865033cb5239a52bae2330628a7be868513b9463dd279324215816a08,82417257943654661657861867468909331767636706168381028230650056361117418229876
2026-03-31T18:16:30.891419+00:00,2026-03-31T18:20:05.125096+00:00,momentum,"Solana Up or Down - March 31, 2:15PM-2:20PM ET",UP,Up,2.0,0.75,,LOSS,NO,-2.0,,0xea81b4a5788b4c8e70d2ec47bf4c317923e53d0d6ecc692e845516269758ae2a,97826595827685411167755485344389947678926592039693650616138455031342410872065
2026-03-31T18:16:31.274347+00:00,2026-03-31T18:20:05.643057+00:00,momentum,"XRP Up or Down - March 31, 2:15PM-2:20PM ET",UP,Up,2.0,0.84,,WIN,YES,0.38095238095238093,Up,0xc6fe324bc82d45459c141380ec6d5880c502f59a1537bed79d6492555d1a4324,108164753267071915022586173912112422722297227975043857191572167887731056786611
2026-03-31T18:16:34.975380+00:00,2026-03-31T18:20:05.643205+00:00,momentum,"Bitcoin Up or Down - March 31, 2:15PM-2:20PM ET",UP,Up,7.0,0.88,,LOSS,NO,-7.0,,0xabe6b24cb8e8b9a5610e91a1d8368509ea20978b399173351513d972b43db212,64595014134718701627599968659031401560319783449832475442124242961878884604805
2026-03-31T18:16:35.340320+00:00,2026-03-31T18:20:05.643301+00:00,momentum,"Ethereum Up or Down - March 31, 2:15PM-2:20PM ET",UP,Up,2.0,0.82,,LOSS,NO,-2.0,,0x7deed16865033cb5239a52bae2330628a7be868513b9463dd279324215816a08,82417257943654661657861867468909331767636706168381028230650056361117418229876
2026-03-31T18:16:35.680608+00:00,2026-03-31T18:20:05.643379+00:00,momentum,"Solana Up or Down - March 31, 2:15PM-2:20PM ET",UP,Up,2.0,0.76,,LOSS,NO,-2.0,,0xea81b4a5788b4c8e70d2ec47bf4c317923e53d0d6ecc692e845516269758ae2a,97826595827685411167755485344389947678926592039693650616138455031342410872065
2026-03-31T18:16:36.008915+00:00,2026-03-31T18:20:05.643482+00:00,momentum,"XRP Up or Down - March 31, 2:15PM-2:20PM ET",UP,Up,2.0,0.87,,WIN,YES,0.29885057471264354,Up,0xc6fe324bc82d45459c141380ec6d5880c502f59a1537bed79d6492555d1a4324,108164753267071915022586173912112422722297227975043857191572167887731056786611
2026-03-31T18:21:30.459573+00:00,2026-03-31T18:25:07.283919+00:00,momentum,"Ethereum Up or Down - March 31, 2:20PM-2:25PM ET",UP,Up,2.0,0.72,,LOSS,NO,-2.0,,0x2072319f615e535425cce9d2ecdf7dbb6757a0534166988dabad6a481c115bca,113634291277343526055768018535587066116280351900734036721059333517948337513126
2026-03-31T18:21:47.128235+00:00,2026-03-31T18:25:07.284327+00:00,momentum,"Ethereum Up or Down - March 31, 2:20PM-2:25PM ET",UP,Up,2.0,0.74,,LOSS,NO,-2.0,,0x2072319f615e535425cce9d2ecdf7dbb6757a0534166988dabad6a481c115bca,113634291277343526055768018535587066116280351900734036721059333517948337513126
2026-03-31T18:21:49.811541+00:00,2026-03-31T18:25:07.665174+00:00,momentum,"Bitcoin Up or Down - March 31, 2:20PM-2:25PM ET",UP,Up,7.0,0.74,,WIN,YES,2.4594594594594597,Up,0xa40039899d0764af4763340f775c36e401ef35a103016fdb147bb8f130e838b8,28525496674428633500366772277136504361310295704478084342249300556603604326849
2026-03-31T18:23:54.788693+00:00,2026-03-31T18:25:07.803532+00:00,momentum,"XRP Up or Down - March 31, 2:20PM-2:25PM ET",UP,Up,2.0,0.73,,LOSS,NO,-2.0,,0x7af4c97f9d426a436ddc068b0dbb098788ca1d94573f28f681cbf43a007baa51,16263183432916034525376442725416627289124554657881985978100944271517201704381
2026-03-31T18:24:01.150976+00:00,2026-03-31T18:25:07.803885+00:00,momentum,"XRP Up or Down - March 31, 2:20PM-2:25PM ET",UP,Up,2.0,0.75,,LOSS,NO,-2.0,,0x7af4c97f9d426a436ddc068b0dbb098788ca1d94573f28f681cbf43a007baa51,16263183432916034525376442725416627289124554657881985978100944271517201704381
2026-03-31T18:24:16.056832+00:00,2026-03-31T18:25:08.168402+00:00,momentum,"Solana Up or Down - March 31, 2:20PM-2:25PM ET",UP,Up,2.0,0.7,,WIN,YES,0.8571428571428572,Up,0x71287de31ff6eec707877380cfa0b2911bd40c89eb5c3c57a3fe9c6e567fcb5c,62669024742152666174765204966361028421509583440132069508477466868811544397109
2026-03-31T18:24:18.489382+00:00,2026-03-31T18:25:08.168533+00:00,momentum,"Solana Up or Down - March 31, 2:20PM-2:25PM ET",UP,Up,2.0,0.71,,WIN,YES,0.8169014084507045,Up,0x71287de31ff6eec707877380cfa0b2911bd40c89eb5c3c57a3fe9c6e567fcb5c,62669024742152666174765204966361028421509583440132069508477466868811544397109
2026-03-31T18:26:30.295642+00:00,2026-03-31T18:30:09.620656+00:00,momentum,"Bitcoin Up or Down - March 31, 2:25PM-2:30PM ET",DOWN,Down,7.0,0.82,,WIN,YES,1.536585365853659,Down,0x36878ea3ab0b08d3af39e36a838b055c11151e93b2d81ba36ad35c3cb1b1686c,42542719333040274299371715402398538942268684294079069921551480815105090138324
2026-03-31T18:26:30.696094+00:00,2026-03-31T18:30:09.766651+00:00,momentum,"Solana Up or Down - March 31, 2:25PM-2:30PM ET",DOWN,Down,2.0,0.87,,LOSS,NO,-2.0,,0x5dd5344968cdb3d93e251e40f3cfe35a9ba8c6a9eb09f2a969821f68d59672c5,86441015159343268044754070009418572647384946900038744499589034315347128417519
2026-03-31T18:26:31.083272+00:00,2026-03-31T18:30:09.912397+00:00,momentum,"XRP Up or Down - March 31, 2:25PM-2:30PM ET",DOWN,Down,2.0,0.87,,LOSS,NO,-2.0,,0x6a8df5972e7e7ad54ee42f99d6a093923bed7df747f27f48a779552b347ac67f,61630703755665539312811405025999427886179868438503545602684876295760883341577
2026-03-31T18:26:36.659428+00:00,2026-03-31T18:30:09.912867+00:00,momentum,"Bitcoin Up or Down - March 31, 2:25PM-2:30PM ET",DOWN,Down,7.0,0.83,,LOSS,NO,-7.0,,0x36878ea3ab0b08d3af39e36a838b055c11151e93b2d81ba36ad35c3cb1b1686c,42542719333040274299371715402398538942268684294079069921551480815105090138324
2026-03-31T18:27:30.767190+00:00,2026-03-31T18:30:09.913070+00:00,momentum,"Solana Up or Down - March 31, 2:25PM-2:30PM ET",DOWN,Down,2.0,0.89,,LOSS,NO,-2.0,,0x5dd5344968cdb3d93e251e40f3cfe35a9ba8c6a9eb09f2a969821f68d59672c5,86441015159343268044754070009418572647384946900038744499589034315347128417519
2026-03-31T18:28:02.044541+00:00,2026-03-31T18:30:10.274483+00:00,momentum,"Ethereum Up or Down - March 31, 2:25PM-2:30PM ET",DOWN,Down,2.0,0.87,,WIN,YES,0.29885057471264354,Down,0x85f72db4143da7bf7fff259e4ec1164f0b2e8748a392ed392e71d23b8c716f3f,106276494582238620920872386772285747377490253470844438391807327479272407107188
