timestamp,resolved_at,market,direction,outcome,amount,entry_price,result,won,pnl,winning_outcome,condition_id,token_id
2026-02-24T16:25:49.794583+00:00,2026-02-24T16:29:35.849943+00:00,"XRP Up or Down - February 24, 11:15AM-11:30AM ET",UP,Up,2.0,0.04,LOSS,NO,-2.0,,0x9f9f680f47cda0539076f07eaa501021cc948e27453286b0ebbc84dd955bb297,76790824470767166782091557144387664094002619136023983288489298162435874338386
2026-02-24T16:26:00.075852+00:00,2026-02-24T16:29:37.166731+00:00,"XRP Up or Down - February 24, 11:15AM-11:30AM ET",UP,Up,2.0,0.04,LOSS,NO,-2.0,,0x9f9f680f47cda0539076f07eaa501021cc948e27453286b0ebbc84dd955bb297,76790824470767166782091557144387664094002619136023983288489298162435874338386
2026-02-24T16:26:00.079177+00:00,2026-02-24T16:29:37.239285+00:00,"XRP Up or Down - February 24, 11:15AM-11:30AM ET",UP,Up,2.0,0.04,LOSS,NO,-2.0,,0x9f9f680f47cda0539076f07eaa501021cc948e27453286b0ebbc84dd955bb297,76790824470767166782091557144387664094002619136023983288489298162435874338386
2026-02-24T16:25:29.384505+00:00,2026-02-24T16:30:39.016354+00:00,"Ethereum Up or Down - February 24, 11:15AM-11:30AM",UP,Up,2.0,0.08010846803518633,LOSS,NO,-2.0,,0xfb9fc54b67a6f2a3226ca21933cc068acf036db174ed890f176c91981a6b2b91,10256469312291637959357681954951199864799647939931867503809459148068110738797
2026-02-24T16:26:57.441400+00:00,2026-02-24T16:30:48.029401+00:00,"XRP Up or Down - February 24, 11:15AM-11:30AM ET",UP,Up,2.0,0.03,LOSS,NO,-2.0,,0x9f9f680f47cda0539076f07eaa501021cc948e27453286b0ebbc84dd955bb297,76790824470767166782091557144387664094002619136023983288489298162435874338386
2026-02-24T16:26:57.445444+00:00,2026-02-24T16:30:48.108575+00:00,"Ethereum Up or Down - February 24, 11:15AM-11:30AM",UP,Up,2.0,0.02,LOSS,NO,-2.0,,0xfb9fc54b67a6f2a3226ca21933cc068acf036db174ed890f176c91981a6b2b91,10256469312291637959357681954951199864799647939931867503809459148068110738797
2026-02-24T16:27:07.646230+00:00,2026-02-24T16:30:48.630154+00:00,"Ethereum Up or Down - February 24, 11:15AM-11:30AM",UP,Up,2.0,0.02,LOSS,NO,-2.0,,0xfb9fc54b67a6f2a3226ca21933cc068acf036db174ed890f176c91981a6b2b91,10256469312291637959357681954951199864799647939931867503809459148068110738797
2026-02-24T16:27:07.669004+00:00,2026-02-24T16:30:49.054510+00:00,"Ethereum Up or Down - February 24, 11:15AM-11:30AM",UP,Up,2.0,0.02,LOSS,NO,-2.0,,0xfb9fc54b67a6f2a3226ca21933cc068acf036db174ed890f176c91981a6b2b91,10256469312291637959357681954951199864799647939931867503809459148068110738797
2026-02-24T16:27:17.923285+00:00,2026-02-24T16:30:49.892750+00:00,"Ethereum Up or Down - February 24, 11:15AM-11:30AM",UP,Up,2.0,0.02000190018051715,LOSS,NO,-2.0,,0xfb9fc54b67a6f2a3226ca21933cc068acf036db174ed890f176c91981a6b2b91,10256469312291637959357681954951199864799647939931867503809459148068110738797
2026-02-24T16:27:17.959561+00:00,2026-02-24T16:30:50.643052+00:00,"Ethereum Up or Down - February 24, 11:15AM-11:30AM",UP,Up,2.0,0.020001919103049076,LOSS,NO,-2.0,,0xfb9fc54b67a6f2a3226ca21933cc068acf036db174ed890f176c91981a6b2b91,10256469312291637959357681954951199864799647939931867503809459148068110738797
2026-02-24T16:27:51.175531+00:00,2026-02-24T16:30:52.469408+00:00,"Ethereum Up or Down - February 24, 11:15AM-11:30AM",UP,Up,2.0,0.01,LOSS,NO,-2.0,,0xfb9fc54b67a6f2a3226ca21933cc068acf036db174ed890f176c91981a6b2b91,10256469312291637959357681954951199864799647939931867503809459148068110738797
2026-02-24T16:27:51.196792+00:00,2026-02-24T16:30:52.636438+00:00,"Ethereum Up or Down - February 24, 11:15AM-11:30AM",UP,Up,2.0,0.01,LOSS,NO,-2.0,,0xfb9fc54b67a6f2a3226ca21933cc068acf036db174ed890f176c91981a6b2b91,10256469312291637959357681954951199864799647939931867503809459148068110738797
2026-02-24T16:27:51.202373+00:00,2026-02-24T16:30:52.748246+00:00,"XRP Up or Down - February 24, 11:15AM-11:30AM ET",UP,Up,2.0,0.01,LOSS,NO,-2.0,,0x9f9f680f47cda0539076f07eaa501021cc948e27453286b0ebbc84dd955bb297,76790824470767166782091557144387664094002619136023983288489298162435874338386
2026-02-24T16:27:51.209501+00:00,2026-02-24T16:30:52.825190+00:00,"Ethereum Up or Down - February 24, 11:15AM-11:30AM",UP,Up,2.0,0.01,LOSS,NO,-2.0,,0xfb9fc54b67a6f2a3226ca21933cc068acf036db174ed890f176c91981a6b2b91,10256469312291637959357681954951199864799647939931867503809459148068110738797
2026-02-24T16:27:51.231286+00:00,2026-02-24T16:30:53.112462+00:00,"Ethereum Up or Down - February 24, 11:15AM-11:30AM",UP,Up,2.0,0.01,LOSS,NO,-2.0,,0xfb9fc54b67a6f2a3226ca21933cc068acf036db174ed890f176c91981a6b2b91,10256469312291637959357681954951199864799647939931867503809459148068110738797
2026-02-24T16:28:01.450600+00:00,2026-02-24T16:30:53.161614+00:00,"Ethereum Up or Down - February 24, 11:15AM-11:30AM",UP,Up,2.0,0.01,LOSS,NO,-2.0,,0xfb9fc54b67a6f2a3226ca21933cc068acf036db174ed890f176c91981a6b2b91,10256469312291637959357681954951199864799647939931867503809459148068110738797
2026-02-24T16:28:11.686535+00:00,2026-02-24T16:30:54.524106+00:00,"Ethereum Up or Down - February 24, 11:15AM-11:30AM",UP,Up,2.0,0.009999999999999998,LOSS,NO,-2.0,,0xfb9fc54b67a6f2a3226ca21933cc068acf036db174ed890f176c91981a6b2b91,10256469312291637959357681954951199864799647939931867503809459148068110738797
2026-02-24T16:28:11.694213+00:00,2026-02-24T16:30:54.601475+00:00,"Ethereum Up or Down - February 24, 11:15AM-11:30AM",UP,Up,2.0,0.01,LOSS,NO,-2.0,,0xfb9fc54b67a6f2a3226ca21933cc068acf036db174ed890f176c91981a6b2b91,10256469312291637959357681954951199864799647939931867503809459148068110738797
2026-02-24T16:28:11.714986+00:00,2026-02-24T16:30:54.940274+00:00,"Ethereum Up or Down - February 24, 11:15AM-11:30AM",UP,Up,2.0,0.01,LOSS,NO,-2.0,,0xfb9fc54b67a6f2a3226ca21933cc068acf036db174ed890f176c91981a6b2b91,10256469312291637959357681954951199864799647939931867503809459148068110738797
2026-02-24T16:25:29.350151+00:00,2026-02-24T16:32:45.857674+00:00,"XRP Up or Down - February 24, 11:25AM-11:30AM ET",UP,Up,2.0,0.6087662337662337,UNKNOWN,UNKNOWN,0,,0xfd4aa546940ec9a42663f5fd497550c29517ce8571fa6d9d46a161487ec5c625,28333024667088454804205409954273243717114277176178332473266993821295629495282
2026-02-24T16:25:29.366386+00:00,2026-02-24T16:32:46.384960+00:00,"Bitcoin Up or Down - February 24, 11:25AM-11:30AM ",UP,Up,2.0,0.6187491124500436,UNKNOWN,UNKNOWN,0,,0x383ceba9c5e87611bb33c9963fd79ec892590d2d13bf6f24359735753a58948a,9578431233773025661949029673054820188013806982927680500314624433844531443330
2026-02-24T16:25:29.372463+00:00,2026-02-24T16:32:46.824346+00:00,"Bitcoin Up or Down - February 24, 11:25AM-11:30AM ",UP,Up,2.0,0.5887334310697276,UNKNOWN,UNKNOWN,0,,0x383ceba9c5e87611bb33c9963fd79ec892590d2d13bf6f24359735753a58948a,9578431233773025661949029673054820188013806982927680500314624433844531443330
2026-02-24T16:25:39.591109+00:00,2026-02-24T16:32:47.623903+00:00,"Bitcoin Up or Down - February 24, 11:25AM-11:30AM ",UP,Up,2.0,0.6782886877644819,UNKNOWN,UNKNOWN,0,,0x383ceba9c5e87611bb33c9963fd79ec892590d2d13bf6f24359735753a58948a,9578431233773025661949029673054820188013806982927680500314624433844531443330
2026-02-24T16:25:39.600209+00:00,2026-02-24T16:32:48.352902+00:00,"Bitcoin Up or Down - February 24, 11:25AM-11:30AM ",UP,Up,2.0,0.6486058928218312,UNKNOWN,UNKNOWN,0,,0x383ceba9c5e87611bb33c9963fd79ec892590d2d13bf6f24359735753a58948a,9578431233773025661949029673054820188013806982927680500314624433844531443330
2026-02-24T16:25:49.803734+00:00,2026-02-24T16:32:49.489699+00:00,"XRP Up or Down - February 24, 11:25AM-11:30AM ET",UP,Up,2.0,0.5900000515428654,UNKNOWN,UNKNOWN,0,,0xfd4aa546940ec9a42663f5fd497550c29517ce8571fa6d9d46a161487ec5c625,28333024667088454804205409954273243717114277176178332473266993821295629495282
2026-02-24T16:26:00.053202+00:00,2026-02-24T16:32:50.083231+00:00,"XRP Up or Down - February 24, 11:25AM-11:30AM ET",DOWN,Down,2.0,0.390000132608847,UNKNOWN,UNKNOWN,0,,0xfd4aa546940ec9a42663f5fd497550c29517ce8571fa6d9d46a161487ec5c625,90937599325527144331879574994259143820305791562367488555372079320959886258306
2026-02-24T16:26:00.055873+00:00,2026-02-24T16:32:50.210382+00:00,"Bitcoin Up or Down - February 24, 11:25AM-11:30AM ",UP,Up,2.0,0.6684145633789103,UNKNOWN,UNKNOWN,0,,0x383ceba9c5e87611bb33c9963fd79ec892590d2d13bf6f24359735753a58948a,9578431233773025661949029673054820188013806982927680500314624433844531443330
2026-02-24T16:26:10.287758+00:00,2026-02-24T16:32:51.240687+00:00,"Bitcoin Up or Down - February 24, 11:25AM-11:30AM ",DOWN,Down,2.0,0.3443341562956619,UNKNOWN,UNKNOWN,0,,0x383ceba9c5e87611bb33c9963fd79ec892590d2d13bf6f24359735753a58948a,62762833621747849990871726075357719310880398107391066438300877120230354955264
2026-02-24T16:26:10.294056+00:00,2026-02-24T16:32:51.351732+00:00,"XRP Up or Down - February 24, 11:25AM-11:30AM ET",DOWN,Down,2.0,0.38,UNKNOWN,UNKNOWN,0,,0xfd4aa546940ec9a42663f5fd497550c29517ce8571fa6d9d46a161487ec5c625,90937599325527144331879574994259143820305791562367488555372079320959886258306
2026-02-24T16:26:20.448949+00:00,2026-02-24T16:32:51.578667+00:00,"Bitcoin Up or Down - February 24, 11:25AM-11:30AM ",DOWN,Down,2.0,0.36,UNKNOWN,UNKNOWN,0,,0x383ceba9c5e87611bb33c9963fd79ec892590d2d13bf6f24359735753a58948a,62762833621747849990871726075357719310880398107391066438300877120230354955264
2026-02-24T16:26:20.451346+00:00,2026-02-24T16:32:51.675473+00:00,"Bitcoin Up or Down - February 24, 11:25AM-11:30AM ",DOWN,Down,2.0,0.4200000464000106,UNKNOWN,UNKNOWN,0,,0x383ceba9c5e87611bb33c9963fd79ec892590d2d13bf6f24359735753a58948a,62762833621747849990871726075357719310880398107391066438300877120230354955264
2026-02-24T16:26:37.013021+00:00,2026-02-24T16:32:52.242799+00:00,"Bitcoin Up or Down - February 24, 11:25AM-11:30AM ",DOWN,Down,2.0,0.4569983786187793,UNKNOWN,UNKNOWN,0,,0x383ceba9c5e87611bb33c9963fd79ec892590d2d13bf6f24359735753a58948a,62762833621747849990871726075357719310880398107391066438300877120230354955264
2026-02-24T16:26:37.022294+00:00,2026-02-24T16:32:52.758094+00:00,"Bitcoin Up or Down - February 24, 11:25AM-11:30AM ",UP,Up,2.0,0.6100000009326508,UNKNOWN,UNKNOWN,0,,0x383ceba9c5e87611bb33c9963fd79ec892590d2d13bf6f24359735753a58948a,9578431233773025661949029673054820188013806982927680500314624433844531443330
2026-02-24T16:26:37.024399+00:00,2026-02-24T16:32:52.872455+00:00,"Bitcoin Up or Down - February 24, 11:25AM-11:30AM ",UP,Up,2.0,0.598758951982737,UNKNOWN,UNKNOWN,0,,0x383ceba9c5e87611bb33c9963fd79ec892590d2d13bf6f24359735753a58948a,9578431233773025661949029673054820188013806982927680500314624433844531443330
2026-02-24T16:26:37.026590+00:00,2026-02-24T16:32:53.062172+00:00,"XRP Up or Down - February 24, 11:25AM-11:30AM ET",DOWN,Down,2.0,0.3200001088000914,UNKNOWN,UNKNOWN,0,,0xfd4aa546940ec9a42663f5fd497550c29517ce8571fa6d9d46a161487ec5c625,90937599325527144331879574994259143820305791562367488555372079320959886258306
2026-02-24T16:26:37.029426+00:00,2026-02-24T16:32:53.249810+00:00,"Bitcoin Up or Down - February 24, 11:25AM-11:30AM ",DOWN,Down,2.0,0.4160864493785038,UNKNOWN,UNKNOWN,0,,0x383ceba9c5e87611bb33c9963fd79ec892590d2d13bf6f24359735753a58948a,62762833621747849990871726075357719310880398107391066438300877120230354955264
2026-02-24T16:26:47.186936+00:00,2026-02-24T16:32:53.391195+00:00,"Bitcoin Up or Down - February 24, 11:25AM-11:30AM ",DOWN,Down,2.0,0.370000018900007,UNKNOWN,UNKNOWN,0,,0x383ceba9c5e87611bb33c9963fd79ec892590d2d13bf6f24359735753a58948a,62762833621747849990871726075357719310880398107391066438300877120230354955264
2026-02-24T16:26:47.200332+00:00,2026-02-24T16:32:53.765288+00:00,"Bitcoin Up or Down - February 24, 11:25AM-11:30AM ",DOWN,Down,2.0,0.37509466816943066,UNKNOWN,UNKNOWN,0,,0x383ceba9c5e87611bb33c9963fd79ec892590d2d13bf6f24359735753a58948a,62762833621747849990871726075357719310880398107391066438300877120230354955264
2026-02-24T16:26:47.213368+00:00,2026-02-24T16:32:54.366568+00:00,"Bitcoin Up or Down - February 24, 11:25AM-11:30AM ",UP,Up,2.0,0.5700000015190895,UNKNOWN,UNKNOWN,0,,0x383ceba9c5e87611bb33c9963fd79ec892590d2d13bf6f24359735753a58948a,9578431233773025661949029673054820188013806982927680500314624433844531443330
2026-02-24T16:26:47.217651+00:00,2026-02-24T16:32:54.557617+00:00,"XRP Up or Down - February 24, 11:25AM-11:30AM ET",DOWN,Down,2.0,0.33000000870130425,UNKNOWN,UNKNOWN,0,,0xfd4aa546940ec9a42663f5fd497550c29517ce8571fa6d9d46a161487ec5c625,90937599325527144331879574994259143820305791562367488555372079320959886258306
2026-02-24T16:26:47.223500+00:00,2026-02-24T16:32:54.798154+00:00,"Bitcoin Up or Down - February 24, 11:25AM-11:30AM ",UP,Up,2.0,0.608649225840897,UNKNOWN,UNKNOWN,0,,0x383ceba9c5e87611bb33c9963fd79ec892590d2d13bf6f24359735753a58948a,9578431233773025661949029673054820188013806982927680500314624433844531443330
2026-02-24T16:26:57.429712+00:00,2026-02-24T16:32:55.193172+00:00,"Bitcoin Up or Down - February 24, 11:25AM-11:30AM ",DOWN,Down,2.0,0.42000000000000004,UNKNOWN,UNKNOWN,0,,0x383ceba9c5e87611bb33c9963fd79ec892590d2d13bf6f24359735753a58948a,62762833621747849990871726075357719310880398107391066438300877120230354955264
2026-02-24T16:26:57.451601+00:00,2026-02-24T16:32:55.603047+00:00,"Bitcoin Up or Down - February 24, 11:25AM-11:30AM ",DOWN,Down,2.0,0.41608313544013475,UNKNOWN,UNKNOWN,0,,0x383ceba9c5e87611bb33c9963fd79ec892590d2d13bf6f24359735753a58948a,62762833621747849990871726075357719310880398107391066438300877120230354955264
2026-02-24T16:27:07.650240+00:00,2026-02-24T16:32:55.912725+00:00,"Bitcoin Up or Down - February 24, 11:25AM-11:30AM ",DOWN,Down,2.0,0.5282261676550155,UNKNOWN,UNKNOWN,0,,0x383ceba9c5e87611bb33c9963fd79ec892590d2d13bf6f24359735753a58948a,62762833621747849990871726075357719310880398107391066438300877120230354955264
2026-02-24T16:27:07.674215+00:00,2026-02-24T16:32:56.165011+00:00,"Bitcoin Up or Down - February 24, 11:25AM-11:30AM ",DOWN,Down,2.0,0.5282270368074801,UNKNOWN,UNKNOWN,0,,0x383ceba9c5e87611bb33c9963fd79ec892590d2d13bf6f24359735753a58948a,62762833621747849990871726075357719310880398107391066438300877120230354955264
2026-02-24T16:27:07.689496+00:00,2026-02-24T16:32:56.624890+00:00,"Bitcoin Up or Down - February 24, 11:25AM-11:30AM ",DOWN,Down,2.0,0.4977701927081747,UNKNOWN,UNKNOWN,0,,0x383ceba9c5e87611bb33c9963fd79ec892590d2d13bf6f24359735753a58948a,62762833621747849990871726075357719310880398107391066438300877120230354955264
2026-02-24T16:27:17.926656+00:00,2026-02-24T16:32:56.954508+00:00,"Bitcoin Up or Down - February 24, 11:25AM-11:30AM ",DOWN,Down,2.0,0.5282270286073422,UNKNOWN,UNKNOWN,0,,0x383ceba9c5e87611bb33c9963fd79ec892590d2d13bf6f24359735753a58948a,62762833621747849990871726075357719310880398107391066438300877120230354955264
2026-02-24T16:27:17.941897+00:00,2026-02-24T16:32:57.190685+00:00,"Bitcoin Up or Down - February 24, 11:25AM-11:30AM ",UP,Up,2.0,0.5,UNKNOWN,UNKNOWN,0,,0x383ceba9c5e87611bb33c9963fd79ec892590d2d13bf6f24359735753a58948a,9578431233773025661949029673054820188013806982927680500314624433844531443330
2026-02-24T16:27:28.187650+00:00,2026-02-24T16:32:57.997572+00:00,"Bitcoin Up or Down - February 24, 11:25AM-11:30AM ",UP,Up,2.0,0.46720666277327777,UNKNOWN,UNKNOWN,0,,0x383ceba9c5e87611bb33c9963fd79ec892590d2d13bf6f24359735753a58948a,9578431233773025661949029673054820188013806982927680500314624433844531443330
2026-02-24T16:27:28.241291+00:00,2026-02-24T16:32:58.564473+00:00,"Bitcoin Up or Down - February 24, 11:25AM-11:30AM ",DOWN,Down,2.0,0.5636462132028403,UNKNOWN,UNKNOWN,0,,0x383ceba9c5e87611bb33c9963fd79ec892590d2d13bf6f24359735753a58948a,62762833621747849990871726075357719310880398107391066438300877120230354955264
2026-02-24T16:27:28.264468+00:00,2026-02-24T16:32:58.953720+00:00,"Bitcoin Up or Down - February 24, 11:25AM-11:30AM ",DOWN,Down,2.0,0.5180883542133952,UNKNOWN,UNKNOWN,0,,0x383ceba9c5e87611bb33c9963fd79ec892590d2d13bf6f24359735753a58948a,62762833621747849990871726075357719310880398107391066438300877120230354955264
2026-02-24T16:27:51.165062+00:00,2026-02-24T16:32:59.233158+00:00,"Bitcoin Up or Down - February 24, 11:25AM-11:30AM ",DOWN,Down,2.0,0.5779631887713418,UNKNOWN,UNKNOWN,0,,0x383ceba9c5e87611bb33c9963fd79ec892590d2d13bf6f24359735753a58948a,62762833621747849990871726075357719310880398107391066438300877120230354955264
2026-02-24T16:27:51.170333+00:00,2026-02-24T16:32:59.354621+00:00,"Bitcoin Up or Down - February 24, 11:25AM-11:30AM ",DOWN,Down,2.0,0.58,UNKNOWN,UNKNOWN,0,,0x383ceba9c5e87611bb33c9963fd79ec892590d2d13bf6f24359735753a58948a,62762833621747849990871726075357719310880398107391066438300877120230354955264
2026-02-24T16:27:51.189392+00:00,2026-02-24T16:32:59.473840+00:00,"Bitcoin Up or Down - February 24, 11:25AM-11:30AM ",DOWN,Down,2.0,0.5484572101809909,UNKNOWN,UNKNOWN,0,,0x383ceba9c5e87611bb33c9963fd79ec892590d2d13bf6f24359735753a58948a,62762833621747849990871726075357719310880398107391066438300877120230354955264
2026-02-24T16:27:51.223651+00:00,2026-02-24T16:32:59.717904+00:00,"Bitcoin Up or Down - February 24, 11:25AM-11:30AM ",UP,Up,2.0,0.4569983157741607,UNKNOWN,UNKNOWN,0,,0x383ceba9c5e87611bb33c9963fd79ec892590d2d13bf6f24359735753a58948a,9578431233773025661949029673054820188013806982927680500314624433844531443330
2026-02-24T16:28:01.456249+00:00,2026-02-24T16:32:59.881994+00:00,"XRP Up or Down - February 24, 11:25AM-11:30AM ET",UP,Up,2.0,0.5800000528000083,UNKNOWN,UNKNOWN,0,,0xfd4aa546940ec9a42663f5fd497550c29517ce8571fa6d9d46a161487ec5c625,28333024667088454804205409954273243717114277176178332473266993821295629495282
2026-02-24T16:28:01.477525+00:00,2026-02-24T16:33:00.612306+00:00,"Bitcoin Up or Down - February 24, 11:25AM-11:30AM ",UP,Up,2.0,0.4467811449330956,UNKNOWN,UNKNOWN,0,,0x383ceba9c5e87611bb33c9963fd79ec892590d2d13bf6f24359735753a58948a,9578431233773025661949029673054820188013806982927680500314624433844531443330
2026-02-24T16:28:11.674482+00:00,2026-02-24T16:33:01.045604+00:00,"Bitcoin Up or Down - February 24, 11:25AM-11:30AM ",UP,Up,2.0,0.37509505962753675,UNKNOWN,UNKNOWN,0,,0x383ceba9c5e87611bb33c9963fd79ec892590d2d13bf6f24359735753a58948a,9578431233773025661949029673054820188013806982927680500314624433844531443330
2026-02-24T16:28:11.701949+00:00,2026-02-24T16:33:01.447337+00:00,"Bitcoin Up or Down - February 24, 11:25AM-11:30AM ",UP,Up,2.0,0.38000001653333565,UNKNOWN,UNKNOWN,0,,0x383ceba9c5e87611bb33c9963fd79ec892590d2d13bf6f24359735753a58948a,9578431233773025661949029673054820188013806982927680500314624433844531443330
2026-02-24T16:28:11.707341+00:00,2026-02-24T16:33:01.616803+00:00,"Bitcoin Up or Down - February 24, 11:25AM-11:30AM ",DOWN,Down,2.0,0.6178713197472858,UNKNOWN,UNKNOWN,0,,0x383ceba9c5e87611bb33c9963fd79ec892590d2d13bf6f24359735753a58948a,62762833621747849990871726075357719310880398107391066438300877120230354955264
2026-02-24T16:28:21.885703+00:00,2026-02-24T16:33:01.799489+00:00,"Bitcoin Up or Down - February 24, 11:25AM-11:30AM ",UP,Up,2.0,0.15,UNKNOWN,UNKNOWN,0,,0x383ceba9c5e87611bb33c9963fd79ec892590d2d13bf6f24359735753a58948a,9578431233773025661949029673054820188013806982927680500314624433844531443330
2026-02-24T16:28:21.918336+00:00,2026-02-24T16:33:02.462826+00:00,"XRP Up or Down - February 24, 11:25AM-11:30AM ET",DOWN,Down,2.0,0.5182342733992922,UNKNOWN,UNKNOWN,0,,0xfd4aa546940ec9a42663f5fd497550c29517ce8571fa6d9d46a161487ec5c625,90937599325527144331879574994259143820305791562367488555372079320959886258306
2026-02-24T16:28:21.926915+00:00,2026-02-24T16:33:02.716686+00:00,"Bitcoin Up or Down - February 24, 11:25AM-11:30AM ",UP,Up,2.0,0.16072545780464662,UNKNOWN,UNKNOWN,0,,0x383ceba9c5e87611bb33c9963fd79ec892590d2d13bf6f24359735753a58948a,9578431233773025661949029673054820188013806982927680500314624433844531443330
2026-02-24T16:28:32.191335+00:00,2026-02-24T16:33:04.560142+00:00,"Bitcoin Up or Down - February 24, 11:25AM-11:30AM ",UP,Up,2.0,0.08,UNKNOWN,UNKNOWN,0,,0x383ceba9c5e87611bb33c9963fd79ec892590d2d13bf6f24359735753a58948a,9578431233773025661949029673054820188013806982927680500314624433844531443330
2026-02-24T16:29:01.507970+00:00,2026-02-24T16:33:05.155060+00:00,"Bitcoin Up or Down - February 24, 11:25AM-11:30AM ",DOWN,Down,2.0,0.9505323341976047,UNKNOWN,UNKNOWN,0,,0x383ceba9c5e87611bb33c9963fd79ec892590d2d13bf6f24359735753a58948a,62762833621747849990871726075357719310880398107391066438300877120230354955264
2026-02-24T16:29:01.515494+00:00,2026-02-24T16:33:05.270385+00:00,"Bitcoin Up or Down - February 24, 11:25AM-11:30AM ",DOWN,Down,2.0,0.9300001429898264,UNKNOWN,UNKNOWN,0,,0x383ceba9c5e87611bb33c9963fd79ec892590d2d13bf6f24359735753a58948a,62762833621747849990871726075357719310880398107391066438300877120230354955264
2026-02-24T16:29:01.582460+00:00,2026-02-24T16:33:05.731915+00:00,"Bitcoin Up or Down - February 24, 11:25AM-11:30AM ",UP,Up,2.0,0.04,UNKNOWN,UNKNOWN,0,,0x383ceba9c5e87611bb33c9963fd79ec892590d2d13bf6f24359735753a58948a,9578431233773025661949029673054820188013806982927680500314624433844531443330
2026-02-24T16:29:01.611145+00:00,2026-02-24T16:33:06.186698+00:00,"Bitcoin Up or Down - February 24, 11:25AM-11:30AM ",UP,Up,2.0,0.02,UNKNOWN,UNKNOWN,0,,0x383ceba9c5e87611bb33c9963fd79ec892590d2d13bf6f24359735753a58948a,9578431233773025661949029673054820188013806982927680500314624433844531443330
2026-02-24T16:29:11.946896+00:00,2026-02-24T16:33:06.922040+00:00,"XRP Up or Down - February 24, 11:25AM-11:30AM ET",UP,Up,2.0,0.14050863837682237,UNKNOWN,UNKNOWN,0,,0xfd4aa546940ec9a42663f5fd497550c29517ce8571fa6d9d46a161487ec5c625,28333024667088454804205409954273243717114277176178332473266993821295629495282
2026-02-24T16:29:22.172818+00:00,2026-02-24T16:33:07.873372+00:00,"Bitcoin Up or Down - February 24, 11:25AM-11:30AM ",UP,Up,2.0,0.02,UNKNOWN,UNKNOWN,0,,0x383ceba9c5e87611bb33c9963fd79ec892590d2d13bf6f24359735753a58948a,9578431233773025661949029673054820188013806982927680500314624433844531443330
2026-02-24T16:29:32.375530+00:00,2026-02-24T16:33:08.001252+00:00,"Bitcoin Up or Down - February 24, 11:25AM-11:30AM ",DOWN,Down,2.0,0.96,UNKNOWN,UNKNOWN,0,,0x383ceba9c5e87611bb33c9963fd79ec892590d2d13bf6f24359735753a58948a,62762833621747849990871726075357719310880398107391066438300877120230354955264
2026-02-24T16:29:32.389619+00:00,2026-02-24T16:33:08.157512+00:00,"XRP Up or Down - February 24, 11:25AM-11:30AM ET",DOWN,Down,2.0,0.81,UNKNOWN,UNKNOWN,0,,0xfd4aa546940ec9a42663f5fd497550c29517ce8571fa6d9d46a161487ec5c625,90937599325527144331879574994259143820305791562367488555372079320959886258306
2026-02-24T16:29:32.442510+00:00,2026-02-24T16:33:08.881897+00:00,"XRP Up or Down - February 24, 11:25AM-11:30AM ET",DOWN,Down,2.0,0.79,UNKNOWN,UNKNOWN,0,,0xfd4aa546940ec9a42663f5fd497550c29517ce8571fa6d9d46a161487ec5c625,90937599325527144331879574994259143820305791562367488555372079320959886258306
2026-02-24T16:29:32.472222+00:00,2026-02-24T16:33:09.341859+00:00,"Bitcoin Up or Down - February 24, 11:25AM-11:30AM ",DOWN,Down,2.0,0.9800939885004356,UNKNOWN,UNKNOWN,0,,0x383ceba9c5e87611bb33c9963fd79ec892590d2d13bf6f24359735753a58948a,62762833621747849990871726075357719310880398107391066438300877120230354955264
2026-02-24T16:30:06.159003+00:00,2026-02-24T16:33:09.623814+00:00,"Bitcoin Up or Down - February 24, 11:25AM-11:30AM ",UP,Up,2.0,0.02,UNKNOWN,UNKNOWN,0,,0x383ceba9c5e87611bb33c9963fd79ec892590d2d13bf6f24359735753a58948a,9578431233773025661949029673054820188013806982927680500314624433844531443330
2026-02-24T16:30:16.498860+00:00,2026-02-24T16:33:10.134828+00:00,"Bitcoin Up or Down - February 24, 11:25AM-11:30AM ",UP,Up,2.0,0.01,UNKNOWN,UNKNOWN,0,,0x383ceba9c5e87611bb33c9963fd79ec892590d2d13bf6f24359735753a58948a,9578431233773025661949029673054820188013806982927680500314624433844531443330
2026-02-24T16:30:16.513436+00:00,2026-02-24T16:33:10.236012+00:00,"XRP Up or Down - February 24, 11:25AM-11:30AM ET",DOWN,Down,2.0,0.55,UNKNOWN,UNKNOWN,0,,0xfd4aa546940ec9a42663f5fd497550c29517ce8571fa6d9d46a161487ec5c625,90937599325527144331879574994259143820305791562367488555372079320959886258306
2026-02-24T16:28:01.471416+00:00,2026-02-24T16:34:04.422841+00:00,"Solana Up or Down - February 24, 11:15AM-11:30AM E",DOWN,Down,2.0,0.5300000178934018,UNKNOWN,UNKNOWN,0,,0xe8de4abae4014a3bdaf59bfcd7fd54034781345d78ed48491afa759111b8f751,60126447542433273317523403660059527571702261242324402472928140795726527964671
2026-02-24T16:28:21.893886+00:00,2026-02-24T16:34:04.905961+00:00,"Solana Up or Down - February 24, 11:15AM-11:30AM E",DOWN,Down,2.0,0.756648417427799,UNKNOWN,UNKNOWN,0,,0xe8de4abae4014a3bdaf59bfcd7fd54034781345d78ed48491afa759111b8f751,60126447542433273317523403660059527571702261242324402472928140795726527964671
2026-02-24T16:28:21.905928+00:00,2026-02-24T16:34:04.992823+00:00,"Solana Up or Down - February 24, 11:15AM-11:30AM E",DOWN,Down,2.0,0.7100000424585691,UNKNOWN,UNKNOWN,0,,0xe8de4abae4014a3bdaf59bfcd7fd54034781345d78ed48491afa759111b8f751,60126447542433273317523403660059527571702261242324402472928140795726527964671
2026-02-24T16:28:32.130672+00:00,2026-02-24T16:34:05.992710+00:00,"Solana Up or Down - February 24, 11:15AM-11:30AM E",UP,Up,2.0,0.06000000094000056,UNKNOWN,UNKNOWN,0,,0xe8de4abae4014a3bdaf59bfcd7fd54034781345d78ed48491afa759111b8f751,12145953655680298931198336318578222352166614469400150734516505922067059176152
2026-02-24T16:29:01.490230+00:00,2026-02-24T16:34:07.241477+00:00,"Solana Up or Down - February 24, 11:15AM-11:30AM E",UP,Up,2.0,0.07000001116000433,UNKNOWN,UNKNOWN,0,,0xe8de4abae4014a3bdaf59bfcd7fd54034781345d78ed48491afa759111b8f751,12145953655680298931198336318578222352166614469400150734516505922067059176152
2026-02-24T16:29:01.541064+00:00,2026-02-24T16:34:07.466208+00:00,"Solana Up or Down - February 24, 11:15AM-11:30AM E",UP,Up,2.0,0.07000004227310964,UNKNOWN,UNKNOWN,0,,0xe8de4abae4014a3bdaf59bfcd7fd54034781345d78ed48491afa759111b8f751,12145953655680298931198336318578222352166614469400150734516505922067059176152
2026-02-24T16:29:01.591287+00:00,2026-02-24T16:34:07.825696+00:00,"Solana Up or Down - February 24, 11:15AM-11:30AM E",DOWN,Down,2.0,0.86,UNKNOWN,UNKNOWN,0,,0xe8de4abae4014a3bdaf59bfcd7fd54034781345d78ed48491afa759111b8f751,60126447542433273317523403660059527571702261242324402472928140795726527964671
2026-02-24T16:29:01.620410+00:00,2026-02-24T16:34:08.087912+00:00,"Solana Up or Down - February 24, 11:15AM-11:30AM E",DOWN,Down,2.0,0.86,UNKNOWN,UNKNOWN,0,,0xe8de4abae4014a3bdaf59bfcd7fd54034781345d78ed48491afa759111b8f751,60126447542433273317523403660059527571702261242324402472928140795726527964671
2026-02-24T16:29:11.955942+00:00,2026-02-24T16:34:08.702579+00:00,"Solana Up or Down - February 24, 11:15AM-11:30AM E",UP,Up,2.0,0.03,UNKNOWN,UNKNOWN,0,,0xe8de4abae4014a3bdaf59bfcd7fd54034781345d78ed48491afa759111b8f751,12145953655680298931198336318578222352166614469400150734516505922067059176152
2026-02-24T16:29:11.962129+00:00,2026-02-24T16:34:08.799178+00:00,"Solana Up or Down - February 24, 11:15AM-11:30AM E",UP,Up,2.0,0.030000000215388043,UNKNOWN,UNKNOWN,0,,0xe8de4abae4014a3bdaf59bfcd7fd54034781345d78ed48491afa759111b8f751,12145953655680298931198336318578222352166614469400150734516505922067059176152
2026-02-24T16:29:11.975307+00:00,2026-02-24T16:34:09.024933+00:00,"Solana Up or Down - February 24, 11:15AM-11:30AM E",UP,Up,2.0,0.03000000301692525,UNKNOWN,UNKNOWN,0,,0xe8de4abae4014a3bdaf59bfcd7fd54034781345d78ed48491afa759111b8f751,12145953655680298931198336318578222352166614469400150734516505922067059176152
2026-02-24T16:29:32.436432+00:00,2026-02-24T16:34:09.915013+00:00,"Solana Up or Down - February 24, 11:15AM-11:30AM E",UP,Up,2.0,0.060000003760011265,UNKNOWN,UNKNOWN,0,,0xe8de4abae4014a3bdaf59bfcd7fd54034781345d78ed48491afa759111b8f751,12145953655680298931198336318578222352166614469400150734516505922067059176152
2026-02-24T16:29:32.461872+00:00,2026-02-24T16:34:10.107081+00:00,"Solana Up or Down - February 24, 11:15AM-11:30AM E",UP,Up,2.0,0.08010845452304659,UNKNOWN,UNKNOWN,0,,0xe8de4abae4014a3bdaf59bfcd7fd54034781345d78ed48491afa759111b8f751,12145953655680298931198336318578222352166614469400150734516505922067059176152
2026-02-24T16:30:16.466085+00:00,2026-02-24T16:34:10.731412+00:00,"Solana Up or Down - February 24, 11:15AM-11:30AM E",DOWN,Down,2.0,0.9900241159720558,UNKNOWN,UNKNOWN,0,,0xe8de4abae4014a3bdaf59bfcd7fd54034781345d78ed48491afa759111b8f751,60126447542433273317523403660059527571702261242324402472928140795726527964671
2026-02-24T16:25:29.358922+00:00,2026-02-24T16:35:03.141539+00:00,"Solana Up or Down - February 24, 11:15AM-11:30AM E",UP,Up,2.0,0.42632091814638373,UNKNOWN,UNKNOWN,0,,0xe8de4abae4014a3bdaf59bfcd7fd54034781345d78ed48491afa759111b8f751,12145953655680298931198336318578222352166614469400150734516505922067059176152
2026-02-24T16:25:29.369791+00:00,2026-02-24T16:35:03.361877+00:00,"Solana Up or Down - February 24, 11:25AM-11:30AM E",UP,Up,2.0,0.5974945810831511,UNKNOWN,UNKNOWN,0,,0x270b04ab4945e83483b0d3054b7e0fc94a86ee0b5270cb46f591c669aeb0dcab,57335786178384340453782206791665634667296337582593616172564759912524280558528
2026-02-24T16:25:29.379903+00:00,2026-02-24T16:35:03.492708+00:00,"Solana Up or Down - February 24, 11:15AM-11:30AM E",UP,Up,2.0,0.3750947701327865,UNKNOWN,UNKNOWN,0,,0xe8de4abae4014a3bdaf59bfcd7fd54034781345d78ed48491afa759111b8f751,12145953655680298931198336318578222352166614469400150734516505922067059176152
2026-02-24T16:25:39.584981+00:00,2026-02-24T16:35:03.747353+00:00,"Solana Up or Down - February 24, 11:15AM-11:30AM E",UP,Up,2.0,0.45,UNKNOWN,UNKNOWN,0,,0xe8de4abae4014a3bdaf59bfcd7fd54034781345d78ed48491afa759111b8f751,12145953655680298931198336318578222352166614469400150734516505922067059176152
2026-02-24T16:25:39.595288+00:00,2026-02-24T16:35:03.961847+00:00,"Solana Up or Down - February 24, 11:15AM-11:30AM E",UP,Up,2.0,0.479185139457882,UNKNOWN,UNKNOWN,0,,0xe8de4abae4014a3bdaf59bfcd7fd54034781345d78ed48491afa759111b8f751,12145953655680298931198336318578222352166614469400150734516505922067059176152
2026-02-24T16:25:39.597316+00:00,2026-02-24T16:35:04.198635+00:00,"Solana Up or Down - February 24, 11:25AM-11:30AM E",UP,Up,2.0,0.6881337408164504,UNKNOWN,UNKNOWN,0,,0x270b04ab4945e83483b0d3054b7e0fc94a86ee0b5270cb46f591c669aeb0dcab,57335786178384340453782206791665634667296337582593616172564759912524280558528
2026-02-24T16:25:39.603973+00:00,2026-02-24T16:35:04.341148+00:00,"XRP Up or Down - February 24, 11:15AM-11:30AM ET",DOWN,Down,2.0,0.9,UNKNOWN,UNKNOWN,0,,0x9f9f680f47cda0539076f07eaa501021cc948e27453286b0ebbc84dd955bb297,76384654013105643622456201145143787682869886301319027773817068245560166777673
2026-02-24T16:25:39.609102+00:00,2026-02-24T16:35:04.556372+00:00,"Solana Up or Down - February 24, 11:15AM-11:30AM E",UP,Up,2.0,0.4613896998358594,UNKNOWN,UNKNOWN,0,,0xe8de4abae4014a3bdaf59bfcd7fd54034781345d78ed48491afa759111b8f751,12145953655680298931198336318578222352166614469400150734516505922067059176152
2026-02-24T16:25:39.611149+00:00,2026-02-24T16:35:04.686815+00:00,"XRP Up or Down - February 24, 11:15AM-11:30AM ET",DOWN,Down,2.0,0.9,UNKNOWN,UNKNOWN,0,,0x9f9f680f47cda0539076f07eaa501021cc948e27453286b0ebbc84dd955bb297,76384654013105643622456201145143787682869886301319027773817068245560166777673
2026-02-24T16:25:39.614684+00:00,2026-02-24T16:35:04.881328+00:00,"Solana Up or Down - February 24, 11:15AM-11:30AM E",UP,Up,2.0,0.42000000000000004,UNKNOWN,UNKNOWN,0,,0xe8de4abae4014a3bdaf59bfcd7fd54034781345d78ed48491afa759111b8f751,12145953655680298931198336318578222352166614469400150734516505922067059176152
2026-02-24T16:25:49.821464+00:00,2026-02-24T16:35:05.347384+00:00,"Solana Up or Down - February 24, 11:25AM-11:30AM E",UP,Up,2.0,0.6699999999999999,UNKNOWN,UNKNOWN,0,,0x270b04ab4945e83483b0d3054b7e0fc94a86ee0b5270cb46f591c669aeb0dcab,57335786178384340453782206791665634667296337582593616172564759912524280558528
2026-02-24T16:26:00.037567+00:00,2026-02-24T16:35:05.448934+00:00,"Solana Up or Down - February 24, 11:25AM-11:30AM E",UP,Up,2.0,0.7200000268800029,UNKNOWN,UNKNOWN,0,,0x270b04ab4945e83483b0d3054b7e0fc94a86ee0b5270cb46f591c669aeb0dcab,57335786178384340453782206791665634667296337582593616172564759912524280558528
2026-02-24T16:26:00.058071+00:00,2026-02-24T16:35:05.689087+00:00,"Solana Up or Down - February 24, 11:15AM-11:30AM E",UP,Up,2.0,0.5079363981308217,UNKNOWN,UNKNOWN,0,,0xe8de4abae4014a3bdaf59bfcd7fd54034781345d78ed48491afa759111b8f751,12145953655680298931198336318578222352166614469400150734516505922067059176152
2026-02-24T16:26:20.446312+00:00,2026-02-24T16:35:06.116590+00:00,"Solana Up or Down - February 24, 11:15AM-11:30AM E",UP,Up,2.0,0.5800000580645348,UNKNOWN,UNKNOWN,0,,0xe8de4abae4014a3bdaf59bfcd7fd54034781345d78ed48491afa759111b8f751,12145953655680298931198336318578222352166614469400150734516505922067059176152
2026-02-24T16:26:20.458106+00:00,2026-02-24T16:35:06.302645+00:00,"Solana Up or Down - February 24, 11:15AM-11:30AM E",DOWN,Down,2.0,0.51,UNKNOWN,UNKNOWN,0,,0xe8de4abae4014a3bdaf59bfcd7fd54034781345d78ed48491afa759111b8f751,60126447542433273317523403660059527571702261242324402472928140795726527964671
2026-02-24T16:26:20.461444+00:00,2026-02-24T16:35:06.436335+00:00,"Solana Up or Down - February 24, 11:25AM-11:30AM E",UP,Up,2.0,0.7176037291136886,UNKNOWN,UNKNOWN,0,,0x270b04ab4945e83483b0d3054b7e0fc94a86ee0b5270cb46f591c669aeb0dcab,57335786178384340453782206791665634667296337582593616172564759912524280558528
2026-02-24T16:26:37.006543+00:00,2026-02-24T16:35:06.571123+00:00,"Bitcoin Up or Down - February 24, 11:15AM-11:30AM ",UP,Up,2.0,0.1,UNKNOWN,UNKNOWN,0,,0xa154d0f73b74dad46ec1ba5eb84da99e64c118bf82327247e303e0c814b4c850,34068727394933985645439974950381291015152808008273922507890727591462103239648
2026-02-24T16:26:47.205094+00:00,2026-02-24T16:35:06.992831+00:00,"Bitcoin Up or Down - February 24, 11:15AM-11:30AM ",UP,Up,2.0,0.10017980991523245,UNKNOWN,UNKNOWN,0,,0xa154d0f73b74dad46ec1ba5eb84da99e64c118bf82327247e303e0c814b4c850,34068727394933985645439974950381291015152808008273922507890727591462103239648
2026-02-24T16:26:47.220291+00:00,2026-02-24T16:35:07.217695+00:00,"Solana Up or Down - February 24, 11:25AM-11:30AM E",DOWN,Down,2.0,0.23000001212144092,UNKNOWN,UNKNOWN,0,,0x270b04ab4945e83483b0d3054b7e0fc94a86ee0b5270cb46f591c669aeb0dcab,77782627548299476957461749379287333670921331378396644531803266127596029133868
2026-02-24T16:26:57.433324+00:00,2026-02-24T16:35:07.402108+00:00,"Bitcoin Up or Down - February 24, 11:15AM-11:30AM ",UP,Up,2.0,0.07007399814203799,UNKNOWN,UNKNOWN,0,,0xa154d0f73b74dad46ec1ba5eb84da99e64c118bf82327247e303e0c814b4c850,34068727394933985645439974950381291015152808008273922507890727591462103239648
2026-02-24T16:26:57.438227+00:00,2026-02-24T16:35:07.529274+00:00,"Bitcoin Up or Down - February 24, 11:15AM-11:30AM ",UP,Up,2.0,0.07007413105443126,UNKNOWN,UNKNOWN,0,,0xa154d0f73b74dad46ec1ba5eb84da99e64c118bf82327247e303e0c814b4c850,34068727394933985645439974950381291015152808008273922507890727591462103239648
2026-02-24T16:26:57.458166+00:00,2026-02-24T16:35:07.618448+00:00,"Bitcoin Up or Down - February 24, 11:15AM-11:30AM ",UP,Up,2.0,0.07007413105443126,UNKNOWN,UNKNOWN,0,,0xa154d0f73b74dad46ec1ba5eb84da99e64c118bf82327247e303e0c814b4c850,34068727394933985645439974950381291015152808008273922507890727591462103239648
2026-02-24T16:27:17.917962+00:00,2026-02-24T16:35:08.016599+00:00,"Bitcoin Up or Down - February 24, 11:15AM-11:30AM ",UP,Up,2.0,0.03,UNKNOWN,UNKNOWN,0,,0xa154d0f73b74dad46ec1ba5eb84da99e64c118bf82327247e303e0c814b4c850,34068727394933985645439974950381291015152808008273922507890727591462103239648
2026-02-24T16:27:17.932942+00:00,2026-02-24T16:35:08.118633+00:00,"Bitcoin Up or Down - February 24, 11:15AM-11:30AM ",UP,Up,2.0,0.039999999999999994,UNKNOWN,UNKNOWN,0,,0xa154d0f73b74dad46ec1ba5eb84da99e64c118bf82327247e303e0c814b4c850,34068727394933985645439974950381291015152808008273922507890727591462103239648
2026-02-24T16:27:17.953804+00:00,2026-02-24T16:35:08.527788+00:00,"Bitcoin Up or Down - February 24, 11:15AM-11:30AM ",UP,Up,2.0,0.050028104023142415,UNKNOWN,UNKNOWN,0,,0xa154d0f73b74dad46ec1ba5eb84da99e64c118bf82327247e303e0c814b4c850,34068727394933985645439974950381291015152808008273922507890727591462103239648
2026-02-24T16:27:28.166570+00:00,2026-02-24T16:35:08.624486+00:00,"Bitcoin Up or Down - February 24, 11:15AM-11:30AM ",UP,Up,2.0,0.030000000000000002,UNKNOWN,UNKNOWN,0,,0xa154d0f73b74dad46ec1ba5eb84da99e64c118bf82327247e303e0c814b4c850,34068727394933985645439974950381291015152808008273922507890727591462103239648
2026-02-24T16:27:28.177529+00:00,2026-02-24T16:35:08.814780+00:00,"Bitcoin Up or Down - February 24, 11:15AM-11:30AM ",UP,Up,2.0,0.030006347877554292,UNKNOWN,UNKNOWN,0,,0xa154d0f73b74dad46ec1ba5eb84da99e64c118bf82327247e303e0c814b4c850,34068727394933985645439974950381291015152808008273922507890727591462103239648
2026-02-24T16:27:28.199545+00:00,2026-02-24T16:35:08.916677+00:00,"Bitcoin Up or Down - February 24, 11:15AM-11:30AM ",UP,Up,2.0,0.030000000000000006,UNKNOWN,UNKNOWN,0,,0xa154d0f73b74dad46ec1ba5eb84da99e64c118bf82327247e303e0c814b4c850,34068727394933985645439974950381291015152808008273922507890727591462103239648
2026-02-24T16:27:28.216060+00:00,2026-02-24T16:35:09.074699+00:00,"Solana Up or Down - February 24, 11:25AM-11:30AM E",UP,Up,2.0,0.7000000000000001,UNKNOWN,UNKNOWN,0,,0x270b04ab4945e83483b0d3054b7e0fc94a86ee0b5270cb46f591c669aeb0dcab,57335786178384340453782206791665634667296337582593616172564759912524280558528
2026-02-24T16:27:28.247775+00:00,2026-02-24T16:35:09.285059+00:00,"Bitcoin Up or Down - February 24, 11:15AM-11:30AM ",UP,Up,2.0,0.030000000164966054,UNKNOWN,UNKNOWN,0,,0xa154d0f73b74dad46ec1ba5eb84da99e64c118bf82327247e303e0c814b4c850,34068727394933985645439974950381291015152808008273922507890727591462103239648
2026-02-24T16:27:51.217452+00:00,2026-02-24T16:35:09.504038+00:00,"Bitcoin Up or Down - February 24, 11:15AM-11:30AM ",UP,Up,2.0,0.030006351097958173,UNKNOWN,UNKNOWN,0,,0xa154d0f73b74dad46ec1ba5eb84da99e64c118bf82327247e303e0c814b4c850,34068727394933985645439974950381291015152808008273922507890727591462103239648
2026-02-24T16:28:01.460581+00:00,2026-02-24T16:35:09.611877+00:00,"Bitcoin Up or Down - February 24, 11:15AM-11:30AM ",UP,Up,2.0,0.01,UNKNOWN,UNKNOWN,0,,0xa154d0f73b74dad46ec1ba5eb84da99e64c118bf82327247e303e0c814b4c850,34068727394933985645439974950381291015152808008273922507890727591462103239648
2026-02-24T16:28:01.465828+00:00,2026-02-24T16:35:09.726435+00:00,"Bitcoin Up or Down - February 24, 11:15AM-11:30AM ",UP,Up,2.0,0.020001918551371255,UNKNOWN,UNKNOWN,0,,0xa154d0f73b74dad46ec1ba5eb84da99e64c118bf82327247e303e0c814b4c850,34068727394933985645439974950381291015152808008273922507890727591462103239648
2026-02-24T16:28:01.482987+00:00,2026-02-24T16:35:09.844786+00:00,"Bitcoin Up or Down - February 24, 11:15AM-11:30AM ",UP,Up,2.0,0.02000191916068706,UNKNOWN,UNKNOWN,0,,0xa154d0f73b74dad46ec1ba5eb84da99e64c118bf82327247e303e0c814b4c850,34068727394933985645439974950381291015152808008273922507890727591462103239648
2026-02-24T16:28:21.911269+00:00,2026-02-24T16:35:10.209982+00:00,"Solana Up or Down - February 24, 11:25AM-11:30AM E",DOWN,Down,2.0,0.40584368322066366,UNKNOWN,UNKNOWN,0,,0x270b04ab4945e83483b0d3054b7e0fc94a86ee0b5270cb46f591c669aeb0dcab,77782627548299476957461749379287333670921331378396644531803266127596029133868
2026-02-24T16:28:32.113878+00:00,2026-02-24T16:35:10.534355+00:00,"Solana Up or Down - February 24, 11:25AM-11:30AM E",DOWN,Down,2.0,0.6782882447454704,UNKNOWN,UNKNOWN,0,,0x270b04ab4945e83483b0d3054b7e0fc94a86ee0b5270cb46f591c669aeb0dcab,77782627548299476957461749379287333670921331378396644531803266127596029133868
2026-02-24T16:28:32.125212+00:00,2026-02-24T16:35:10.958990+00:00,"Solana Up or Down - February 24, 11:25AM-11:30AM E",DOWN,Down,2.0,0.6394550536084682,UNKNOWN,UNKNOWN,0,,0x270b04ab4945e83483b0d3054b7e0fc94a86ee0b5270cb46f591c669aeb0dcab,77782627548299476957461749379287333670921331378396644531803266127596029133868
2026-02-24T16:28:32.157329+00:00,2026-02-24T16:35:11.486967+00:00,"Solana Up or Down - February 24, 11:25AM-11:30AM E",DOWN,Down,2.0,0.5989227375642171,UNKNOWN,UNKNOWN,0,,0x270b04ab4945e83483b0d3054b7e0fc94a86ee0b5270cb46f591c669aeb0dcab,77782627548299476957461749379287333670921331378396644531803266127596029133868
2026-02-24T16:28:32.183769+00:00,2026-02-24T16:35:11.870177+00:00,"Solana Up or Down - February 24, 11:25AM-11:30AM E",DOWN,Down,2.0,0.658518596565167,UNKNOWN,UNKNOWN,0,,0x270b04ab4945e83483b0d3054b7e0fc94a86ee0b5270cb46f591c669aeb0dcab,77782627548299476957461749379287333670921331378396644531803266127596029133868
2026-02-24T16:29:01.479317+00:00,2026-02-24T16:35:12.055339+00:00,"Solana Up or Down - February 24, 11:25AM-11:30AM E",DOWN,Down,2.0,0.6782884425217435,UNKNOWN,UNKNOWN,0,,0x270b04ab4945e83483b0d3054b7e0fc94a86ee0b5270cb46f591c669aeb0dcab,77782627548299476957461749379287333670921331378396644531803266127596029133868
2026-02-24T16:29:01.572944+00:00,2026-02-24T16:35:12.467446+00:00,"Solana Up or Down - February 24, 11:25AM-11:30AM E",DOWN,Down,2.0,0.5786802030456853,UNKNOWN,UNKNOWN,0,,0x270b04ab4945e83483b0d3054b7e0fc94a86ee0b5270cb46f591c669aeb0dcab,77782627548299476957461749379287333670921331378396644531803266127596029133868
2026-02-24T16:29:01.603385+00:00,2026-02-24T16:35:12.585579+00:00,"Solana Up or Down - February 24, 11:25AM-11:30AM E",DOWN,Down,2.0,0.5300000571464092,UNKNOWN,UNKNOWN,0,,0x270b04ab4945e83483b0d3054b7e0fc94a86ee0b5270cb46f591c669aeb0dcab,77782627548299476957461749379287333670921331378396644531803266127596029133868
2026-02-24T16:29:11.937975+00:00,2026-02-24T16:35:12.898690+00:00,"Solana Up or Down - February 24, 11:25AM-11:30AM E",DOWN,Down,2.0,0.68,UNKNOWN,UNKNOWN,0,,0x270b04ab4945e83483b0d3054b7e0fc94a86ee0b5270cb46f591c669aeb0dcab,77782627548299476957461749379287333670921331378396644531803266127596029133868
2026-02-24T16:29:11.985036+00:00,2026-02-24T16:35:13.419297+00:00,"Solana Up or Down - February 24, 11:25AM-11:30AM E",DOWN,Down,2.0,0.7176037291136886,UNKNOWN,UNKNOWN,0,,0x270b04ab4945e83483b0d3054b7e0fc94a86ee0b5270cb46f591c669aeb0dcab,77782627548299476957461749379287333670921331378396644531803266127596029133868
2026-02-24T16:29:22.164090+00:00,2026-02-24T16:35:13.584854+00:00,"Solana Up or Down - February 24, 11:25AM-11:30AM E",UP,Up,2.0,0.45000002367288616,UNKNOWN,UNKNOWN,0,,0x270b04ab4945e83483b0d3054b7e0fc94a86ee0b5270cb46f591c669aeb0dcab,57335786178384340453782206791665634667296337582593616172564759912524280558528
2026-02-24T16:29:32.398662+00:00,2026-02-24T16:35:13.707250+00:00,"Solana Up or Down - February 24, 11:25AM-11:30AM E",DOWN,Down,2.0,0.64,UNKNOWN,UNKNOWN,0,,0x270b04ab4945e83483b0d3054b7e0fc94a86ee0b5270cb46f591c669aeb0dcab,77782627548299476957461749379287333670921331378396644531803266127596029133868
2026-02-24T16:29:32.404866+00:00,2026-02-24T16:35:13.815829+00:00,"Solana Up or Down - February 24, 11:25AM-11:30AM E",DOWN,Down,2.0,0.6400000521739244,UNKNOWN,UNKNOWN,0,,0x270b04ab4945e83483b0d3054b7e0fc94a86ee0b5270cb46f591c669aeb0dcab,77782627548299476957461749379287333670921331378396644531803266127596029133868
2026-02-24T16:29:32.412437+00:00,2026-02-24T16:35:13.909031+00:00,"Solana Up or Down - February 24, 11:25AM-11:30AM E",UP,Up,2.0,0.45,UNKNOWN,UNKNOWN,0,,0x270b04ab4945e83483b0d3054b7e0fc94a86ee0b5270cb46f591c669aeb0dcab,57335786178384340453782206791665634667296337582593616172564759912524280558528
2026-02-24T16:30:06.181045+00:00,2026-02-24T16:35:14.352473+00:00,"Solana Up or Down - February 24, 11:25AM-11:30AM E",DOWN,Down,2.0,0.2685584669955779,UNKNOWN,UNKNOWN,0,,0x270b04ab4945e83483b0d3054b7e0fc94a86ee0b5270cb46f591c669aeb0dcab,77782627548299476957461749379287333670921331378396644531803266127596029133868
2026-02-24T16:30:16.530292+00:00,2026-02-24T16:35:14.562747+00:00,"Solana Up or Down - February 24, 11:25AM-11:30AM E",DOWN,Down,2.0,0.24,UNKNOWN,UNKNOWN,0,,0x270b04ab4945e83483b0d3054b7e0fc94a86ee0b5270cb46f591c669aeb0dcab,77782627548299476957461749379287333670921331378396644531803266127596029133868
2026-02-24T16:30:16.590661+00:00,2026-02-24T16:35:14.815927+00:00,"Solana Up or Down - February 24, 11:25AM-11:30AM E",DOWN,Down,2.0,0.27999999999999997,UNKNOWN,UNKNOWN,0,,0x270b04ab4945e83483b0d3054b7e0fc94a86ee0b5270cb46f591c669aeb0dcab,77782627548299476957461749379287333670921331378396644531803266127596029133868
2026-02-24T16:25:39.613221+00:00,2026-02-24T16:36:08.785291+00:00,"Ethereum Up or Down - February 24, 11:15AM-11:30AM",DOWN,Down,2.0,0.8800000590878387,UNKNOWN,UNKNOWN,0,,0xfb9fc54b67a6f2a3226ca21933cc068acf036db174ed890f176c91981a6b2b91,112667791999988965964682649658498834184388859670514074262591573946385247921101
2026-02-24T16:29:11.967817+00:00,2026-02-24T16:36:12.924829+00:00,"Ethereum Up or Down - February 24, 11:15AM-11:30AM",DOWN,Down,2.0,0.99,WIN,YES,0.1,Down,0xfb9fc54b67a6f2a3226ca21933cc068acf036db174ed890f176c91981a6b2b91,112667791999988965964682649658498834184388859670514074262591573946385247921101
2026-02-24T16:25:29.356343+00:00,2026-02-24T16:37:10.989819+00:00,"Ethereum Up or Down - February 24, 11:25AM-11:30AM",UP,Up,2.0,0.6684103867669349,LOSS,NO,-2.0,,0x80a8d8aeefb431b7e1516ac563452b6e7363be4663ff81e6c35c56708f9b398f,57217742341294940110437391342340491714806440347992328613874629678810185743764
2026-02-24T16:25:29.368598+00:00,2026-02-24T16:37:11.075506+00:00,"Ethereum Up or Down - February 24, 11:25AM-11:30AM",UP,Up,2.0,0.6326469160383213,LOSS,NO,-2.0,,0x80a8d8aeefb431b7e1516ac563452b6e7363be4663ff81e6c35c56708f9b398f,57217742341294940110437391342340491714806440347992328613874629678810185743764
2026-02-24T16:25:39.588009+00:00,2026-02-24T16:37:11.442694+00:00,"Ethereum Up or Down - February 24, 11:25AM-11:30AM",UP,Up,2.0,0.7176030038255314,LOSS,NO,-2.0,,0x80a8d8aeefb431b7e1516ac563452b6e7363be4663ff81e6c35c56708f9b398f,57217742341294940110437391342340491714806440347992328613874629678810185743764
2026-02-24T16:25:39.596183+00:00,2026-02-24T16:37:11.511609+00:00,"Ethereum Up or Down - February 24, 11:25AM-11:30AM",UP,Up,2.0,0.6782892266857586,LOSS,NO,-2.0,,0x80a8d8aeefb431b7e1516ac563452b6e7363be4663ff81e6c35c56708f9b398f,57217742341294940110437391342340491714806440347992328613874629678810185743764
2026-02-24T16:25:39.606860+00:00,2026-02-24T16:37:11.594869+00:00,"Ethereum Up or Down - February 24, 11:25AM-11:30AM",UP,Up,2.0,0.6585203554167903,LOSS,NO,-2.0,,0x80a8d8aeefb431b7e1516ac563452b6e7363be4663ff81e6c35c56708f9b398f,57217742341294940110437391342340491714806440347992328613874629678810185743764
2026-02-24T16:25:49.798152+00:00,2026-02-24T16:37:11.653855+00:00,"Ethereum Up or Down - February 24, 11:25AM-11:30AM",UP,Up,2.0,0.6386737984436248,LOSS,NO,-2.0,,0x80a8d8aeefb431b7e1516ac563452b6e7363be4663ff81e6c35c56708f9b398f,57217742341294940110437391342340491714806440347992328613874629678810185743764
2026-02-24T16:26:00.050150+00:00,2026-02-24T16:37:12.065928+00:00,"Ethereum Up or Down - February 24, 11:25AM-11:30AM",DOWN,Down,2.0,0.28,WIN,YES,5.142857142857142,Down,0x80a8d8aeefb431b7e1516ac563452b6e7363be4663ff81e6c35c56708f9b398f,3280279925975909238782721539692110815507398946442252514469452603023212579349
2026-02-24T16:26:00.070582+00:00,2026-02-24T16:37:12.128822+00:00,"Ethereum Up or Down - February 24, 11:25AM-11:30AM",UP,Up,2.0,0.6782865367257825,LOSS,NO,-2.0,,0x80a8d8aeefb431b7e1516ac563452b6e7363be4663ff81e6c35c56708f9b398f,57217742341294940110437391342340491714806440347992328613874629678810185743764
2026-02-24T16:26:10.277866+00:00,2026-02-24T16:37:12.180141+00:00,"Ethereum Up or Down - February 24, 11:25AM-11:30AM",UP,Up,2.0,0.6500000112295568,LOSS,NO,-2.0,,0x80a8d8aeefb431b7e1516ac563452b6e7363be4663ff81e6c35c56708f9b398f,57217742341294940110437391342340491714806440347992328613874629678810185743764
2026-02-24T16:26:10.282225+00:00,2026-02-24T16:37:12.245082+00:00,"Ethereum Up or Down - February 24, 11:25AM-11:30AM",DOWN,Down,2.0,0.28,WIN,YES,5.142857142857142,Down,0x80a8d8aeefb431b7e1516ac563452b6e7363be4663ff81e6c35c56708f9b398f,3280279925975909238782721539692110815507398946442252514469452603023212579349
2026-02-24T16:26:37.016822+00:00,2026-02-24T16:37:12.290159+00:00,"Ethereum Up or Down - February 24, 11:25AM-11:30AM",DOWN,Down,2.0,0.35,WIN,YES,3.7142857142857144,Down,0x80a8d8aeefb431b7e1516ac563452b6e7363be4663ff81e6c35c56708f9b398f,3280279925975909238782721539692110815507398946442252514469452603023212579349
2026-02-24T16:26:37.019685+00:00,2026-02-24T16:37:14.553255+00:00,"Ethereum Up or Down - February 24, 11:25AM-11:30AM",DOWN,Down,2.0,0.343740252923854,WIN,YES,3.8183467981651944,Down,0x80a8d8aeefb431b7e1516ac563452b6e7363be4663ff81e6c35c56708f9b398f,3280279925975909238782721539692110815507398946442252514469452603023212579349
2026-02-24T16:26:47.195707+00:00,2026-02-24T16:37:14.618211+00:00,"Ethereum Up or Down - February 24, 11:25AM-11:30AM",DOWN,Down,2.0,0.364840964599534,WIN,YES,3.4818405663281,Down,0x80a8d8aeefb431b7e1516ac563452b6e7363be4663ff81e6c35c56708f9b398f,3280279925975909238782721539692110815507398946442252514469452603023212579349
2026-02-24T16:26:47.209545+00:00,2026-02-24T16:37:14.684659+00:00,"Ethereum Up or Down - February 24, 11:25AM-11:30AM",DOWN,Down,2.0,0.3648410284941172,WIN,YES,3.4818396062937547,Down,0x80a8d8aeefb431b7e1516ac563452b6e7363be4663ff81e6c35c56708f9b398f,3280279925975909238782721539692110815507398946442252514469452603023212579349
2026-02-24T16:26:47.227270+00:00,2026-02-24T16:37:14.734992+00:00,"Ethereum Up or Down - February 24, 11:25AM-11:30AM",DOWN,Down,2.0,0.34,WIN,YES,3.88235294117647,Down,0x80a8d8aeefb431b7e1516ac563452b6e7363be4663ff81e6c35c56708f9b398f,3280279925975909238782721539692110815507398946442252514469452603023212579349
2026-02-24T16:27:07.655358+00:00,2026-02-24T16:37:14.966660+00:00,"Ethereum Up or Down - February 24, 11:25AM-11:30AM",DOWN,Down,2.0,0.3955966515759802,WIN,YES,3.0556545209176793,Down,0x80a8d8aeefb431b7e1516ac563452b6e7363be4663ff81e6c35c56708f9b398f,3280279925975909238782721539692110815507398946442252514469452603023212579349
2026-02-24T16:27:07.678357+00:00,2026-02-24T16:37:15.033357+00:00,"Ethereum Up or Down - February 24, 11:25AM-11:30AM",DOWN,Down,2.0,0.4365548713939806,WIN,YES,2.5813255813953493,Down,0x80a8d8aeefb431b7e1516ac563452b6e7363be4663ff81e6c35c56708f9b398f,3280279925975909238782721539692110815507398946442252514469452603023212579349
2026-02-24T16:27:07.684311+00:00,2026-02-24T16:37:15.104654+00:00,"Ethereum Up or Down - February 24, 11:25AM-11:30AM",DOWN,Down,2.0,0.4160852467334771,WIN,YES,2.8067073170731707,Down,0x80a8d8aeefb431b7e1516ac563452b6e7363be4663ff81e6c35c56708f9b398f,3280279925975909238782721539692110815507398946442252514469452603023212579349
2026-02-24T16:27:17.948486+00:00,2026-02-24T16:37:15.191775+00:00,"Ethereum Up or Down - February 24, 11:25AM-11:30AM",UP,Up,2.0,0.53,LOSS,NO,-2.0,,0x80a8d8aeefb431b7e1516ac563452b6e7363be4663ff81e6c35c56708f9b398f,57217742341294940110437391342340491714806440347992328613874629678810185743764
2026-02-24T16:27:28.170622+00:00,2026-02-24T16:37:15.255545+00:00,"Ethereum Up or Down - February 24, 11:25AM-11:30AM",DOWN,Down,2.0,0.41,WIN,YES,2.8780487804878048,Down,0x80a8d8aeefb431b7e1516ac563452b6e7363be4663ff81e6c35c56708f9b398f,3280279925975909238782721539692110815507398946442252514469452603023212579349
2026-02-24T16:27:28.233304+00:00,2026-02-24T16:37:15.388262+00:00,"Ethereum Up or Down - February 24, 11:25AM-11:30AM",DOWN,Down,2.0,0.42632414489825365,WIN,YES,2.6912660798916734,Down,0x80a8d8aeefb431b7e1516ac563452b6e7363be4663ff81e6c35c56708f9b398f,3280279925975909238782721539692110815507398946442252514469452603023212579349
2026-02-24T16:27:28.261166+00:00,2026-02-24T16:37:15.456293+00:00,"Ethereum Up or Down - February 24, 11:25AM-11:30AM",DOWN,Down,2.0,0.40584415584415584,WIN,YES,2.928,Down,0x80a8d8aeefb431b7e1516ac563452b6e7363be4663ff81e6c35c56708f9b398f,3280279925975909238782721539692110815507398946442252514469452603023212579349
2026-02-24T16:28:11.664583+00:00,2026-02-24T16:37:15.517566+00:00,"Ethereum Up or Down - February 24, 11:25AM-11:30AM",UP,Up,2.0,0.5887326273990735,LOSS,NO,-2.0,,0x80a8d8aeefb431b7e1516ac563452b6e7363be4663ff81e6c35c56708f9b398f,57217742341294940110437391342340491714806440347992328613874629678810185743764
2026-02-24T16:28:11.682401+00:00,2026-02-24T16:37:16.257854+00:00,"Ethereum Up or Down - February 24, 11:25AM-11:30AM",DOWN,Down,2.0,0.4365548713939806,WIN,YES,2.5813255813953493,Down,0x80a8d8aeefb431b7e1516ac563452b6e7363be4663ff81e6c35c56708f9b398f,3280279925975909238782721539692110815507398946442252514469452603023212579349
2026-02-24T16:28:21.922773+00:00,2026-02-24T16:37:16.327690+00:00,"Ethereum Up or Down - February 24, 11:25AM-11:30AM",DOWN,Down,2.0,0.6742712349034081,WIN,YES,0.9661653893429216,Down,0x80a8d8aeefb431b7e1516ac563452b6e7363be4663ff81e6c35c56708f9b398f,3280279925975909238782721539692110815507398946442252514469452603023212579349
2026-02-24T16:28:32.163972+00:00,2026-02-24T16:37:17.178679+00:00,"Ethereum Up or Down - February 24, 11:25AM-11:30AM",DOWN,Down,2.0,0.9018238818926404,WIN,YES,0.21772791800837954,Down,0x80a8d8aeefb431b7e1516ac563452b6e7363be4663ff81e6c35c56708f9b398f,3280279925975909238782721539692110815507398946442252514469452603023212579349
2026-02-24T16:29:01.499475+00:00,2026-02-24T16:37:18.130546+00:00,"Ethereum Up or Down - February 24, 11:25AM-11:30AM",DOWN,Down,2.0,0.88,WIN,YES,0.27272727272727293,Down,0x80a8d8aeefb431b7e1516ac563452b6e7363be4663ff81e6c35c56708f9b398f,3280279925975909238782721539692110815507398946442252514469452603023212579349
2026-02-24T16:29:11.931599+00:00,2026-02-24T16:37:18.281162+00:00,"Ethereum Up or Down - February 24, 11:25AM-11:30AM",DOWN,Down,2.0,0.8700000559217949,WIN,YES,0.298850426947308,Down,0x80a8d8aeefb431b7e1516ac563452b6e7363be4663ff81e6c35c56708f9b398f,3280279925975909238782721539692110815507398946442252514469452603023212579349
2026-02-24T16:29:32.424258+00:00,2026-02-24T16:37:18.325307+00:00,"Ethereum Up or Down - February 24, 11:25AM-11:30AM",UP,Up,2.0,0.09,LOSS,NO,-2.0,,0x80a8d8aeefb431b7e1516ac563452b6e7363be4663ff81e6c35c56708f9b398f,57217742341294940110437391342340491714806440347992328613874629678810185743764
2026-02-24T16:29:32.451956+00:00,2026-02-24T16:37:18.378792+00:00,"Ethereum Up or Down - February 24, 11:25AM-11:30AM",UP,Up,2.0,0.06000000253198755,LOSS,NO,-2.0,,0x80a8d8aeefb431b7e1516ac563452b6e7363be4663ff81e6c35c56708f9b398f,57217742341294940110437391342340491714806440347992328613874629678810185743764
2026-02-24T16:30:06.150304+00:00,2026-02-24T16:37:18.423558+00:00,"Ethereum Up or Down - February 24, 11:25AM-11:30AM",DOWN,Down,2.0,0.63,WIN,YES,1.1746031746031744,Down,0x80a8d8aeefb431b7e1516ac563452b6e7363be4663ff81e6c35c56708f9b398f,3280279925975909238782721539692110815507398946442252514469452603023212579349
2026-02-24T16:30:16.553456+00:00,2026-02-24T16:37:18.569013+00:00,"Ethereum Up or Down - February 24, 11:25AM-11:30AM",UP,Up,2.0,0.2931010086717471,LOSS,NO,-2.0,,0x80a8d8aeefb431b7e1516ac563452b6e7363be4663ff81e6c35c56708f9b398f,57217742341294940110437391342340491714806440347992328613874629678810185743764
2026-02-24T16:30:37.153837+00:00,2026-02-24T16:37:18.714749+00:00,"Ethereum Up or Down - February 24, 11:30AM-11:35AM",UP,Up,2.0,0.5400000232911478,UNKNOWN,UNKNOWN,0,,0xa9fb2d73fe79c9242a403bda74772ab62e48efe43e9452a1293aa99ee92a6b9a,63680989961760226356135624909020364390976522694037209994823751720890595210281
2026-02-24T16:30:37.290348+00:00,2026-02-24T16:37:20.837236+00:00,"Ethereum Up or Down - February 24, 11:30AM-11:35AM",UP,Up,2.0,0.5614173454995539,UNKNOWN,UNKNOWN,0,,0xa9fb2d73fe79c9242a403bda74772ab62e48efe43e9452a1293aa99ee92a6b9a,63680989961760226356135624909020364390976522694037209994823751720890595210281
2026-02-24T16:31:18.874857+00:00,2026-02-24T16:37:22.414388+00:00,"Ethereum Up or Down - February 24, 11:30AM-11:35AM",DOWN,Down,2.0,0.8844170561174028,UNKNOWN,UNKNOWN,0,,0xa9fb2d73fe79c9242a403bda74772ab62e48efe43e9452a1293aa99ee92a6b9a,73250146376714379298842582107810714617292367339032802123424690219820677621583
2026-02-24T16:31:19.080648+00:00,2026-02-24T16:37:27.060504+00:00,"Ethereum Up or Down - February 24, 11:30AM-11:35AM",DOWN,Down,2.0,0.8051520579892518,UNKNOWN,UNKNOWN,0,,0xa9fb2d73fe79c9242a403bda74772ab62e48efe43e9452a1293aa99ee92a6b9a,73250146376714379298842582107810714617292367339032802123424690219820677621583
2026-02-24T16:31:29.614653+00:00,2026-02-24T16:37:29.537073+00:00,"Ethereum Up or Down - February 24, 11:30AM-11:35AM",UP,Up,2.0,0.13041471880580247,UNKNOWN,UNKNOWN,0,,0xa9fb2d73fe79c9242a403bda74772ab62e48efe43e9452a1293aa99ee92a6b9a,63680989961760226356135624909020364390976522694037209994823751720890595210281
2026-02-24T16:31:40.839512+00:00,2026-02-24T16:37:31.697574+00:00,"Ethereum Up or Down - February 24, 11:30AM-11:35AM",UP,Up,2.0,0.07007422147131351,UNKNOWN,UNKNOWN,0,,0xa9fb2d73fe79c9242a403bda74772ab62e48efe43e9452a1293aa99ee92a6b9a,63680989961760226356135624909020364390976522694037209994823751720890595210281
2026-02-24T16:33:32.059360+00:00,2026-02-24T16:37:35.635558+00:00,"Ethereum Up or Down - February 24, 11:30AM-11:35AM",UP,Up,2.0,0.020000000000000004,UNKNOWN,UNKNOWN,0,,0xa9fb2d73fe79c9242a403bda74772ab62e48efe43e9452a1293aa99ee92a6b9a,63680989961760226356135624909020364390976522694037209994823751720890595210281
2026-02-24T16:33:32.152405+00:00,2026-02-24T16:37:35.865455+00:00,"Ethereum Up or Down - February 24, 11:30AM-11:35AM",UP,Up,2.0,0.02,UNKNOWN,UNKNOWN,0,,0xa9fb2d73fe79c9242a403bda74772ab62e48efe43e9452a1293aa99ee92a6b9a,63680989961760226356135624909020364390976522694037209994823751720890595210281
2026-02-24T16:33:32.222225+00:00,2026-02-24T16:37:36.173422+00:00,"Ethereum Up or Down - February 24, 11:30AM-11:35AM",UP,Up,2.0,0.02,UNKNOWN,UNKNOWN,0,,0xa9fb2d73fe79c9242a403bda74772ab62e48efe43e9452a1293aa99ee92a6b9a,63680989961760226356135624909020364390976522694037209994823751720890595210281
2026-02-24T16:33:32.261501+00:00,2026-02-24T16:37:36.272301+00:00,"Ethereum Up or Down - February 24, 11:30AM-11:35AM",UP,Up,2.0,0.02,UNKNOWN,UNKNOWN,0,,0xa9fb2d73fe79c9242a403bda74772ab62e48efe43e9452a1293aa99ee92a6b9a,63680989961760226356135624909020364390976522694037209994823751720890595210281
2026-02-24T16:33:42.602235+00:00,2026-02-24T16:37:36.484926+00:00,"Bitcoin Up or Down - February 24, 11:30AM-11:35AM ",DOWN,Down,2.0,0.9900242417150775,WIN,YES,0.1,Down,0xd3a618ec6641a7d5cfefec18169e0c04bb2eed9b790ee01c4b3d6d9c0e6b9fc6,25030922017500362931249826051196298149275656439992304569690837298594367250201
2026-02-24T16:34:32.067606+00:00,2026-02-24T16:37:37.293687+00:00,"Bitcoin Up or Down - February 24, 11:30AM-11:35AM ",DOWN,Down,2.0,0.9900237954711155,WIN,YES,0.1,Down,0xd3a618ec6641a7d5cfefec18169e0c04bb2eed9b790ee01c4b3d6d9c0e6b9fc6,25030922017500362931249826051196298149275656439992304569690837298594367250201
2026-02-24T16:30:37.191244+00:00,2026-02-24T16:38:21.967256+00:00,"Bitcoin Up or Down - February 24, 11:30AM-11:35AM ",UP,Up,2.0,0.48000002729659,LOSS,NO,-2.0,,0xd3a618ec6641a7d5cfefec18169e0c04bb2eed9b790ee01c4b3d6d9c0e6b9fc6,71755283486606394142697033528689375226928568566483325360512964491645573845571
2026-02-24T16:30:37.374297+00:00,2026-02-24T16:38:22.570682+00:00,"Bitcoin Up or Down - February 24, 11:30AM-11:35AM ",UP,Up,2.0,0.5484603389876969,LOSS,NO,-2.0,,0xd3a618ec6641a7d5cfefec18169e0c04bb2eed9b790ee01c4b3d6d9c0e6b9fc6,71755283486606394142697033528689375226928568566483325360512964491645573845571
2026-02-24T16:30:37.472928+00:00,2026-02-24T16:38:23.182322+00:00,"Bitcoin Up or Down - February 24, 11:30AM-11:35AM ",UP,Up,2.0,0.5180586907449208,LOSS,NO,-2.0,,0xd3a618ec6641a7d5cfefec18169e0c04bb2eed9b790ee01c4b3d6d9c0e6b9fc6,71755283486606394142697033528689375226928568566483325360512964491645573845571
2026-02-24T16:31:19.026113+00:00,2026-02-24T16:38:23.704791+00:00,"Bitcoin Up or Down - February 24, 11:30AM-11:35AM ",DOWN,Down,2.0,0.8631261964681336,WIN,YES,0.31715826513422174,Down,0xd3a618ec6641a7d5cfefec18169e0c04bb2eed9b790ee01c4b3d6d9c0e6b9fc6,25030922017500362931249826051196298149275656439992304569690837298594367250201
2026-02-24T16:31:19.093764+00:00,2026-02-24T16:38:23.967675+00:00,"Bitcoin Up or Down - February 24, 11:30AM-11:35AM ",DOWN,Down,2.0,0.795472853230224,WIN,YES,0.5142278481012656,Down,0xd3a618ec6641a7d5cfefec18169e0c04bb2eed9b790ee01c4b3d6d9c0e6b9fc6,25030922017500362931249826051196298149275656439992304569690837298594367250201
2026-02-24T16:31:19.184834+00:00,2026-02-24T16:38:24.334143+00:00,"Bitcoin Up or Down - February 24, 11:30AM-11:35AM ",UP,Up,2.0,0.12999999999999998,LOSS,NO,-2.0,,0xd3a618ec6641a7d5cfefec18169e0c04bb2eed9b790ee01c4b3d6d9c0e6b9fc6,71755283486606394142697033528689375226928568566483325360512964491645573845571
2026-02-24T16:31:29.413999+00:00,2026-02-24T16:38:24.387089+00:00,"Bitcoin Up or Down - February 24, 11:30AM-11:35AM ",UP,Up,2.0,0.11,LOSS,NO,-2.0,,0xd3a618ec6641a7d5cfefec18169e0c04bb2eed9b790ee01c4b3d6d9c0e6b9fc6,71755283486606394142697033528689375226928568566483325360512964491645573845571
2026-02-24T16:31:29.752610+00:00,2026-02-24T16:38:24.627967+00:00,"Bitcoin Up or Down - February 24, 11:30AM-11:35AM ",UP,Up,2.0,0.07,LOSS,NO,-2.0,,0xd3a618ec6641a7d5cfefec18169e0c04bb2eed9b790ee01c4b3d6d9c0e6b9fc6,71755283486606394142697033528689375226928568566483325360512964491645573845571
2026-02-24T16:31:40.743274+00:00,2026-02-24T16:38:25.635029+00:00,"Bitcoin Up or Down - February 24, 11:30AM-11:35AM ",DOWN,Down,2.0,0.91,WIN,YES,0.19780219780219754,Down,0xd3a618ec6641a7d5cfefec18169e0c04bb2eed9b790ee01c4b3d6d9c0e6b9fc6,25030922017500362931249826051196298149275656439992304569690837298594367250201
2026-02-24T16:31:40.883011+00:00,2026-02-24T16:38:26.366363+00:00,"Bitcoin Up or Down - February 24, 11:30AM-11:35AM ",UP,Up,2.0,0.1304170143136032,LOSS,NO,-2.0,,0xd3a618ec6641a7d5cfefec18169e0c04bb2eed9b790ee01c4b3d6d9c0e6b9fc6,71755283486606394142697033528689375226928568566483325360512964491645573845571
2026-02-24T16:33:32.120436+00:00,2026-02-24T16:38:29.322864+00:00,"Bitcoin Up or Down - February 24, 11:30AM-11:35AM ",UP,Up,2.0,0.01,LOSS,NO,-2.0,,0xd3a618ec6641a7d5cfefec18169e0c04bb2eed9b790ee01c4b3d6d9c0e6b9fc6,71755283486606394142697033528689375226928568566483325360512964491645573845571
2026-02-24T16:33:32.172290+00:00,2026-02-24T16:38:29.367960+00:00,"Bitcoin Up or Down - February 24, 11:30AM-11:35AM ",UP,Up,2.0,0.01,LOSS,NO,-2.0,,0xd3a618ec6641a7d5cfefec18169e0c04bb2eed9b790ee01c4b3d6d9c0e6b9fc6,71755283486606394142697033528689375226928568566483325360512964491645573845571
2026-02-24T16:33:32.201259+00:00,2026-02-24T16:38:29.418263+00:00,"Bitcoin Up or Down - February 24, 11:30AM-11:35AM ",UP,Up,2.0,0.01,LOSS,NO,-2.0,,0xd3a618ec6641a7d5cfefec18169e0c04bb2eed9b790ee01c4b3d6d9c0e6b9fc6,71755283486606394142697033528689375226928568566483325360512964491645573845571
2026-02-24T16:30:37.350008+00:00,2026-02-24T16:39:26.268965+00:00,"Solana Up or Down - February 24, 11:30AM-11:35AM E",UP,Up,2.0,0.6684130927946419,UNKNOWN,UNKNOWN,0,,0xa12c59634a980adfed1470fdb14a7734c49a889b44832c5a5d3282c639cff75a,14013674480371814366282640069240934492090227240544422744231189521711808481635
2026-02-24T16:30:37.442382+00:00,2026-02-24T16:39:26.691281+00:00,"Solana Up or Down - February 24, 11:30AM-11:35AM E",UP,Up,2.0,0.616258574997147,UNKNOWN,UNKNOWN,0,,0xa12c59634a980adfed1470fdb14a7734c49a889b44832c5a5d3282c639cff75a,14013674480371814366282640069240934492090227240544422744231189521711808481635
2026-02-24T16:31:29.698802+00:00,2026-02-24T16:39:28.199370+00:00,"Solana Up or Down - February 24, 11:30AM-11:35AM E",DOWN,Down,2.0,0.8200000912000145,UNKNOWN,UNKNOWN,0,,0xa12c59634a980adfed1470fdb14a7734c49a889b44832c5a5d3282c639cff75a,68006344673590568777441096463121087549019976384761090387953346062797612563494
2026-02-24T16:31:29.965184+00:00,2026-02-24T16:39:28.502169+00:00,"Solana Up or Down - February 24, 11:30AM-11:35AM E",DOWN,Down,2.0,0.8,UNKNOWN,UNKNOWN,0,,0xa12c59634a980adfed1470fdb14a7734c49a889b44832c5a5d3282c639cff75a,68006344673590568777441096463121087549019976384761090387953346062797612563494
2026-02-24T16:31:30.470270+00:00,2026-02-24T16:39:29.349704+00:00,"Solana Up or Down - February 24, 11:30AM-11:35AM E",DOWN,Down,2.0,0.810000149019637,UNKNOWN,UNKNOWN,0,,0xa12c59634a980adfed1470fdb14a7734c49a889b44832c5a5d3282c639cff75a,68006344673590568777441096463121087549019976384761090387953346062797612563494
2026-02-24T16:32:24.838576+00:00,2026-02-24T16:39:30.382100+00:00,"Solana Up or Down - February 24, 11:30AM-11:35AM E",DOWN,Down,2.0,0.91152772045949,UNKNOWN,UNKNOWN,0,,0xa12c59634a980adfed1470fdb14a7734c49a889b44832c5a5d3282c639cff75a,68006344673590568777441096463121087549019976384761090387953346062797612563494
2026-02-24T16:32:24.988010+00:00,2026-02-24T16:39:31.651309+00:00,"Solana Up or Down - February 24, 11:30AM-11:35AM E",DOWN,Down,2.0,0.8200000000000001,UNKNOWN,UNKNOWN,0,,0xa12c59634a980adfed1470fdb14a7734c49a889b44832c5a5d3282c639cff75a,68006344673590568777441096463121087549019976384761090387953346062797612563494
2026-02-24T16:33:31.824972+00:00,2026-02-24T16:39:32.100718+00:00,"Solana Up or Down - February 24, 11:30AM-11:35AM E",UP,Up,2.0,0.01,UNKNOWN,UNKNOWN,0,,0xa12c59634a980adfed1470fdb14a7734c49a889b44832c5a5d3282c639cff75a,14013674480371814366282640069240934492090227240544422744231189521711808481635
2026-02-24T16:33:31.903565+00:00,2026-02-24T16:39:32.356357+00:00,"Solana Up or Down - February 24, 11:30AM-11:35AM E",UP,Up,2.0,0.01,UNKNOWN,UNKNOWN,0,,0xa12c59634a980adfed1470fdb14a7734c49a889b44832c5a5d3282c639cff75a,14013674480371814366282640069240934492090227240544422744231189521711808481635
2026-02-24T16:33:42.684113+00:00,2026-02-24T16:39:33.034603+00:00,"Solana Up or Down - February 24, 11:30AM-11:35AM E",UP,Up,2.0,0.01,UNKNOWN,UNKNOWN,0,,0xa12c59634a980adfed1470fdb14a7734c49a889b44832c5a5d3282c639cff75a,14013674480371814366282640069240934492090227240544422744231189521711808481635
2026-02-24T16:34:32.050025+00:00,2026-02-24T16:39:33.700171+00:00,"Solana Up or Down - February 24, 11:30AM-11:35AM E",UP,Up,2.0,0.01,UNKNOWN,UNKNOWN,0,,0xa12c59634a980adfed1470fdb14a7734c49a889b44832c5a5d3282c639cff75a,14013674480371814366282640069240934492090227240544422744231189521711808481635
2026-02-24T16:34:32.120894+00:00,2026-02-24T16:39:33.959429+00:00,"Solana Up or Down - February 24, 11:30AM-11:35AM E",UP,Up,2.0,0.01,UNKNOWN,UNKNOWN,0,,0xa12c59634a980adfed1470fdb14a7734c49a889b44832c5a5d3282c639cff75a,14013674480371814366282640069240934492090227240544422744231189521711808481635
2026-02-24T16:34:32.140433+00:00,2026-02-24T16:39:34.181078+00:00,"Solana Up or Down - February 24, 11:30AM-11:35AM E",UP,Up,2.0,0.01,UNKNOWN,UNKNOWN,0,,0xa12c59634a980adfed1470fdb14a7734c49a889b44832c5a5d3282c639cff75a,14013674480371814366282640069240934492090227240544422744231189521711808481635
2026-02-24T16:30:37.273720+00:00,2026-02-24T16:40:34.653738+00:00,"XRP Up or Down - February 24, 11:30AM-11:35AM ET",UP,Up,2.0,0.568624321736355,UNKNOWN,UNKNOWN,0,,0x4731b0022ba330a044512200fbf8bd95e39a89a7b2b0a25f5b9cf20b5163a153,7915378810978086883254428375877496147227056800060103365146164178397445437778
2026-02-24T16:31:29.915908+00:00,2026-02-24T16:40:36.564904+00:00,"XRP Up or Down - February 24, 11:30AM-11:35AM ET",UP,Up,2.0,0.13041655713362085,UNKNOWN,UNKNOWN,0,,0x4731b0022ba330a044512200fbf8bd95e39a89a7b2b0a25f5b9cf20b5163a153,7915378810978086883254428375877496147227056800060103365146164178397445437778
2026-02-24T16:33:31.888493+00:00,2026-02-24T16:40:39.068921+00:00,"XRP Up or Down - February 24, 11:30AM-11:35AM ET",UP,Up,2.0,0.010000240390394,UNKNOWN,UNKNOWN,0,,0x4731b0022ba330a044512200fbf8bd95e39a89a7b2b0a25f5b9cf20b5163a153,7915378810978086883254428375877496147227056800060103365146164178397445437778
2026-02-24T16:36:39.170991+00:00,2026-02-24T16:43:00.157924+00:00,"Bitcoin Up or Down - February 24, 11:35AM-11:40AM ",DOWN,Down,2.0,0.47737765466297316,LOSS,NO,-2.0,,0x2f8cfe38950b42d725bc1e7243a4190a29c007319dbe9934c2a0b5c13b05c81f,52647027947682143573388473299741317756654086654499499114475681755715007266828
2026-02-24T16:36:39.244043+00:00,2026-02-24T16:43:00.738917+00:00,"Ethereum Up or Down - February 24, 11:35AM-11:40AM",DOWN,Down,2.0,0.7310753820876312,LOSS,NO,-2.0,,0xe93291a72faae5747b42f39441763dbe185edbe65b46e4b86814271c20821e5b,52039176525281756203557807797128824963477982805115488529445166494698875757518
2026-02-24T16:36:39.289914+00:00,2026-02-24T16:43:00.890869+00:00,"Bitcoin Up or Down - February 24, 11:35AM-11:40AM ",DOWN,Down,2.0,0.4977712708704236,LOSS,NO,-2.0,,0x2f8cfe38950b42d725bc1e7243a4190a29c007319dbe9934c2a0b5c13b05c81f,52647027947682143573388473299741317756654086654499499114475681755715007266828
2026-02-24T16:36:39.334435+00:00,2026-02-24T16:43:01.030195+00:00,"Ethereum Up or Down - February 24, 11:35AM-11:40AM",DOWN,Down,2.0,0.7273902852986341,LOSS,NO,-2.0,,0xe93291a72faae5747b42f39441763dbe185edbe65b46e4b86814271c20821e5b,52039176525281756203557807797128824963477982805115488529445166494698875757518
2026-02-24T16:36:39.385244+00:00,2026-02-24T16:43:01.311242+00:00,"Ethereum Up or Down - February 24, 11:35AM-11:40AM",DOWN,Down,2.0,0.7218635031010034,LOSS,NO,-2.0,,0xe93291a72faae5747b42f39441763dbe185edbe65b46e4b86814271c20821e5b,52039176525281756203557807797128824963477982805115488529445166494698875757518
2026-02-24T16:36:49.667323+00:00,2026-02-24T16:43:01.788776+00:00,"Ethereum Up or Down - February 24, 11:35AM-11:40AM",DOWN,Down,2.0,0.5786894793932043,LOSS,NO,-2.0,,0xe93291a72faae5747b42f39441763dbe185edbe65b46e4b86814271c20821e5b,52039176525281756203557807797128824963477982805115488529445166494698875757518
2026-02-24T16:36:49.751222+00:00,2026-02-24T16:43:02.098962+00:00,"Ethereum Up or Down - February 24, 11:35AM-11:40AM",DOWN,Down,2.0,0.598753780267511,LOSS,NO,-2.0,,0xe93291a72faae5747b42f39441763dbe185edbe65b46e4b86814271c20821e5b,52039176525281756203557807797128824963477982805115488529445166494698875757518
2026-02-24T16:36:49.800317+00:00,2026-02-24T16:43:02.243290+00:00,"Ethereum Up or Down - February 24, 11:35AM-11:40AM",DOWN,Down,2.0,0.63,LOSS,NO,-2.0,,0xe93291a72faae5747b42f39441763dbe185edbe65b46e4b86814271c20821e5b,52039176525281756203557807797128824963477982805115488529445166494698875757518
2026-02-24T16:36:49.918069+00:00,2026-02-24T16:43:02.658478+00:00,"Ethereum Up or Down - February 24, 11:35AM-11:40AM",DOWN,Down,2.0,0.6881457031761576,LOSS,NO,-2.0,,0xe93291a72faae5747b42f39441763dbe185edbe65b46e4b86814271c20821e5b,52039176525281756203557807797128824963477982805115488529445166494698875757518
2026-02-24T16:36:49.945288+00:00,2026-02-24T16:43:02.710520+00:00,"Bitcoin Up or Down - February 24, 11:35AM-11:40AM ",DOWN,Down,2.0,0.46720636751942857,LOSS,NO,-2.0,,0x2f8cfe38950b42d725bc1e7243a4190a29c007319dbe9934c2a0b5c13b05c81f,52647027947682143573388473299741317756654086654499499114475681755715007266828
2026-02-24T16:37:00.297551+00:00,2026-02-24T16:43:03.548109+00:00,"Bitcoin Up or Down - February 24, 11:35AM-11:40AM ",DOWN,Down,2.0,0.43,LOSS,NO,-2.0,,0x2f8cfe38950b42d725bc1e7243a4190a29c007319dbe9934c2a0b5c13b05c81f,52647027947682143573388473299741317756654086654499499114475681755715007266828
2026-02-24T16:37:59.100503+00:00,2026-02-24T16:43:04.708365+00:00,"Ethereum Up or Down - February 24, 11:35AM-11:40AM",DOWN,Down,2.0,0.3853408238181191,LOSS,NO,-2.0,,0xe93291a72faae5747b42f39441763dbe185edbe65b46e4b86814271c20821e5b,52039176525281756203557807797128824963477982805115488529445166494698875757518
2026-02-24T16:37:59.121424+00:00,2026-02-24T16:43:04.776686+00:00,"Bitcoin Up or Down - February 24, 11:35AM-11:40AM ",DOWN,Down,2.0,0.1506117706684772,LOSS,NO,-2.0,,0x2f8cfe38950b42d725bc1e7243a4190a29c007319dbe9934c2a0b5c13b05c81f,52647027947682143573388473299741317756654086654499499114475681755715007266828
2026-02-24T16:37:59.161079+00:00,2026-02-24T16:43:04.842682+00:00,"Bitcoin Up or Down - February 24, 11:35AM-11:40AM ",DOWN,Down,2.0,0.11000000370833363,LOSS,NO,-2.0,,0x2f8cfe38950b42d725bc1e7243a4190a29c007319dbe9934c2a0b5c13b05c81f,52647027947682143573388473299741317756654086654499499114475681755715007266828
2026-02-24T16:37:59.248678+00:00,2026-02-24T16:43:05.043482+00:00,"Bitcoin Up or Down - February 24, 11:35AM-11:40AM ",DOWN,Down,2.0,0.11,LOSS,NO,-2.0,,0x2f8cfe38950b42d725bc1e7243a4190a29c007319dbe9934c2a0b5c13b05c81f,52647027947682143573388473299741317756654086654499499114475681755715007266828
2026-02-24T16:37:59.414547+00:00,2026-02-24T16:43:05.306427+00:00,"Bitcoin Up or Down - February 24, 11:35AM-11:40AM ",DOWN,Down,2.0,0.14,LOSS,NO,-2.0,,0x2f8cfe38950b42d725bc1e7243a4190a29c007319dbe9934c2a0b5c13b05c81f,52647027947682143573388473299741317756654086654499499114475681755715007266828
2026-02-24T16:37:59.534295+00:00,2026-02-24T16:43:05.642488+00:00,"Ethereum Up or Down - February 24, 11:35AM-11:40AM",DOWN,Down,2.0,0.4365526553569072,LOSS,NO,-2.0,,0xe93291a72faae5747b42f39441763dbe185edbe65b46e4b86814271c20821e5b,52039176525281756203557807797128824963477982805115488529445166494698875757518
2026-02-24T16:38:09.929485+00:00,2026-02-24T16:43:06.491457+00:00,"Bitcoin Up or Down - February 24, 11:35AM-11:40AM ",DOWN,Down,2.0,0.04,LOSS,NO,-2.0,,0x2f8cfe38950b42d725bc1e7243a4190a29c007319dbe9934c2a0b5c13b05c81f,52647027947682143573388473299741317756654086654499499114475681755715007266828
2026-02-24T16:38:09.964766+00:00,2026-02-24T16:43:06.553837+00:00,"Ethereum Up or Down - February 24, 11:35AM-11:40AM",DOWN,Down,2.0,0.17,LOSS,NO,-2.0,,0xe93291a72faae5747b42f39441763dbe185edbe65b46e4b86814271c20821e5b,52039176525281756203557807797128824963477982805115488529445166494698875757518
2026-02-24T16:38:20.357244+00:00,2026-02-24T16:43:07.101731+00:00,"Bitcoin Up or Down - February 24, 11:35AM-11:40AM ",DOWN,Down,2.0,0.02,LOSS,NO,-2.0,,0x2f8cfe38950b42d725bc1e7243a4190a29c007319dbe9934c2a0b5c13b05c81f,52647027947682143573388473299741317756654086654499499114475681755715007266828
2026-02-24T16:38:20.395561+00:00,2026-02-24T16:43:07.260643+00:00,"Ethereum Up or Down - February 24, 11:35AM-11:40AM",DOWN,Down,2.0,0.0700000039860377,LOSS,NO,-2.0,,0xe93291a72faae5747b42f39441763dbe185edbe65b46e4b86814271c20821e5b,52039176525281756203557807797128824963477982805115488529445166494698875757518
2026-02-24T16:38:53.014003+00:00,2026-02-24T16:43:07.422134+00:00,"Ethereum Up or Down - February 24, 11:35AM-11:40AM",DOWN,Down,2.0,0.08,LOSS,NO,-2.0,,0xe93291a72faae5747b42f39441763dbe185edbe65b46e4b86814271c20821e5b,52039176525281756203557807797128824963477982805115488529445166494698875757518
2026-02-24T16:38:53.054780+00:00,2026-02-24T16:43:07.640210+00:00,"Bitcoin Up or Down - February 24, 11:35AM-11:40AM ",DOWN,Down,2.0,0.02,LOSS,NO,-2.0,,0x2f8cfe38950b42d725bc1e7243a4190a29c007319dbe9934c2a0b5c13b05c81f,52647027947682143573388473299741317756654086654499499114475681755715007266828
2026-02-24T16:38:53.132103+00:00,2026-02-24T16:43:08.108499+00:00,"Ethereum Up or Down - February 24, 11:35AM-11:40AM",DOWN,Down,2.0,0.1002028596669175,LOSS,NO,-2.0,,0xe93291a72faae5747b42f39441763dbe185edbe65b46e4b86814271c20821e5b,52039176525281756203557807797128824963477982805115488529445166494698875757518
2026-02-24T16:38:53.200904+00:00,2026-02-24T16:43:08.405915+00:00,"Ethereum Up or Down - February 24, 11:35AM-11:40AM",DOWN,Down,2.0,0.08010843947294509,LOSS,NO,-2.0,,0xe93291a72faae5747b42f39441763dbe185edbe65b46e4b86814271c20821e5b,52039176525281756203557807797128824963477982805115488529445166494698875757518
2026-02-24T16:38:53.227866+00:00,2026-02-24T16:43:08.480212+00:00,"Ethereum Up or Down - February 24, 11:35AM-11:40AM",DOWN,Down,2.0,0.07007407831135773,LOSS,NO,-2.0,,0xe93291a72faae5747b42f39441763dbe185edbe65b46e4b86814271c20821e5b,52039176525281756203557807797128824963477982805115488529445166494698875757518
2026-02-24T16:38:53.361171+00:00,2026-02-24T16:43:09.455720+00:00,"Ethereum Up or Down - February 24, 11:35AM-11:40AM",DOWN,Down,2.0,0.060047743481934104,LOSS,NO,-2.0,,0xe93291a72faae5747b42f39441763dbe185edbe65b46e4b86814271c20821e5b,52039176525281756203557807797128824963477982805115488529445166494698875757518
2026-02-24T16:39:14.053518+00:00,2026-02-24T16:43:10.213981+00:00,"Ethereum Up or Down - February 24, 11:35AM-11:40AM",DOWN,Down,2.0,0.01,LOSS,NO,-2.0,,0xe93291a72faae5747b42f39441763dbe185edbe65b46e4b86814271c20821e5b,52039176525281756203557807797128824963477982805115488529445166494698875757518
2026-02-24T16:40:01.725160+00:00,2026-02-24T16:43:11.176081+00:00,"Ethereum Up or Down - February 24, 11:35AM-11:40AM",DOWN,Down,2.0,0.01,LOSS,NO,-2.0,,0xe93291a72faae5747b42f39441763dbe185edbe65b46e4b86814271c20821e5b,52039176525281756203557807797128824963477982805115488529445166494698875757518
2026-02-24T16:40:01.778195+00:00,2026-02-24T16:43:11.234389+00:00,"Ethereum Up or Down - February 24, 11:35AM-11:40AM",DOWN,Down,2.0,0.01,LOSS,NO,-2.0,,0xe93291a72faae5747b42f39441763dbe185edbe65b46e4b86814271c20821e5b,52039176525281756203557807797128824963477982805115488529445166494698875757518
2026-02-24T16:40:01.900884+00:00,2026-02-24T16:43:11.387526+00:00,"Ethereum Up or Down - February 24, 11:35AM-11:40AM",DOWN,Down,2.0,0.01,LOSS,NO,-2.0,,0xe93291a72faae5747b42f39441763dbe185edbe65b46e4b86814271c20821e5b,52039176525281756203557807797128824963477982805115488529445166494698875757518
2026-02-24T16:40:01.940425+00:00,2026-02-24T16:43:11.437438+00:00,"Ethereum Up or Down - February 24, 11:35AM-11:40AM",DOWN,Down,2.0,0.01,LOSS,NO,-2.0,,0xe93291a72faae5747b42f39441763dbe185edbe65b46e4b86814271c20821e5b,52039176525281756203557807797128824963477982805115488529445166494698875757518
2026-02-24T16:35:36.902422+00:00,2026-02-24T16:43:59.776642+00:00,"Ethereum Up or Down - February 24, 11:35AM-11:40AM",DOWN,Down,2.0,0.4969574036511156,LOSS,NO,-2.0,,0xe93291a72faae5747b42f39441763dbe185edbe65b46e4b86814271c20821e5b,52039176525281756203557807797128824963477982805115488529445166494698875757518
