entry_ts,entry_close,side,confidence,stake,market_slug,token_id,fill_price,edge,kelly_f,shares,close_position,body_signed,direction,volume_z,range_z,streak,resolve_ts,resolve_close,settled_token_price,result,pnl,resolution_source
1776466500,77321.96,UP,0.55,15.0,btc-updown-5m-1776466800,50722754005259910281236837370198882805887693731097913066944494168656443343343,0.18,0.37,0.45122,83.333333,0.236097,-0.763816,-1,0.1362,0.5448,-1,1776467511,,0.0,LOSS,-15.0,polymarket
1776466800,77310.63,DOWN,0.45,14.0845,btc-updown-5m-1776467100,10606980147502174532343150451767865180386587621806329317952011818758219435969,0.29,0.16,0.225352,48.567266,0.20521,-0.794333,-1,-2.9503,-2.5832,-2,1776467711,,1.0,WIN,34.4828,polymarket
1776467700,77229.67,DOWN,0.45,15.0,btc-updown-5m-1776468000,50110273507984676961232937561211541170981657840595247280046781258953771837360,0.27,0.18,0.246575,55.555556,0.0,-0.996479,-1,-1.823,-2.135,-2,1776468613,,0.0,LOSS,-15.0,polymarket
1776468000,77006.19,DOWN,0.5,15.0,btc-updown-5m-1776468300,19261518143808868630716237894763346482921908310035147198054049251962817267359,0.33,0.17,0.253731,45.454545,1.0,0.578674,1,-1.5183,-0.255,1,1776468894,,0.0,LOSS,-15.0,polymarket
1776468600,77079.99,DOWN,0.5,7.6754,btc-updown-5m-1776468900,73375319374518335127000262045695528081652793739137709550632461689818485929932,0.43,0.07,0.122807,17.849857,0.732353,0.729412,1,-1.3398,-1.7754,3,1776469415,,1.0,WIN,10.1744,polymarket
1776468900,77064.68,DOWN,0.5,5.6818,btc-updown-5m-1776469200,74049948963383433064057014856713177316481784176270333806795328178241188585706,0.45,0.05,0.090909,12.626263,0.516284,0.516284,1,-1.2157,-1.2376,4,1776469936,,0.0,LOSS,-5.6818,polymarket
1776469200,77037.99,DOWN,0.5,3.5377,btc-updown-5m-1776469500,60192826705088081739160708371827419406264459235500807255921762955970349328566,0.47,0.03,0.056604,7.527098,0.996441,0.996441,1,-1.1521,-1.4887,5,1776470056,,0.0,LOSS,-3.5377,polymarket
1776469800,77163.76,UP,0.55,5.102,btc-updown-5m-1776470100,68118912441402488388436015110802336376168625220732863066037381650286921997919,0.51,0.04,0.081633,10.004002,0.0,-1.0,-1,-0.9856,-1.2494,-1,1776470778,,0.0,LOSS,-5.102,polymarket
1776471000,77118.0,UP,0.55,8.4135,btc-updown-5m-1776471300,50597878384589807961373852036228512667071822858950639173294541140073423651301,0.48,0.07,0.134615,17.528045,0.0,-1.0,-1,-0.6632,-0.8678,-1,1776471719,,1.0,WIN,9.1146,polymarket
1776471300,77150.85,UP,0.5,3.5377,btc-updown-5m-1776471600,3789758543270561839809770718785148793183701093110262047210626322184880696630,0.47,0.03,0.056604,7.527098,1.0,0.999416,1,-0.6809,-0.5721,1,1776472100,,0.0,LOSS,-3.5377,polymarket
1776472200,77274.99,DOWN,0.5,3.5377,btc-updown-5m-1776472500,59530031409784493932816188662958272150118770720303188633390354944119591305192,0.47,0.03,0.056604,7.527098,1.0,0.676628,1,-0.2723,0.0409,2,1776473182,,1.0,WIN,3.9894,polymarket
1776472500,77114.0,DOWN,0.5,4.6296,btc-updown-5m-1776472800,37379479309262085254031561182816963433637107500578859423159047228376047049278,0.46,0.04,0.074074,10.064412,0.889878,0.889878,1,-0.2803,-0.604,3,1776473282,,1.0,WIN,5.4348,polymarket
1776472800,77099.01,DOWN,0.5,5.6818,btc-updown-5m-1776473100,107043614662621958555786570996634701267823059061841668715214660196985685951661,0.45,0.05,0.090909,12.626263,0.59162,0.59162,1,0.1558,2.278,4,1776473723,,0.0,LOSS,-5.6818,polymarket
1776473400,77172.04,UP,0.55,3.9063,btc-updown-5m-1776473700,98213027444342779850575430160088836332200779455117329451772667634657034563713,0.52,0.03,0.0625,7.512019,0.000988,-0.495184,-1,0.8796,1.088,-1,1776474284,,0.0,LOSS,-3.9063,polymarket
1776474600,77247.07,UP,0.5,12.8968,btc-updown-5m-1776474900,80684496848202747410628034831045163622420230765840584120090897926990877142691,0.37,0.13,0.206349,34.856285,0.999571,0.999571,1,-0.5974,0.244,2,1776475366,,1.0,WIN,21.9595,polymarket
1776474900,77322.38,UP,0.55,15.0,btc-updown-5m-1776475200,82714502421160774061394210300902684607007635460850379665021772982245336484758,0.38,0.17,0.274194,39.473684,0.042982,-0.957018,-1,0.2022,0.393,-1,1776475667,,0.0,LOSS,-15.0,polymarket
1776475200,77355.87,DOWN,0.5,8.6207,btc-updown-5m-1776475500,64919368292375489501278932562743602221957293031868903522492428972978886946939,0.42,0.08,0.137931,20.525452,0.812235,-0.187765,-1,0.4168,1.8597,-2,1776476168,,1.0,WIN,11.9048,polymarket
1776475800,77310.3,UP,0.55,5.102,btc-updown-5m-1776476100,4008593550410489991865091302011609738362508275754080122918321800968983288565,0.51,0.04,0.081633,10.004002,0.160956,-0.838645,-1,-0.2452,0.1307,-1,1776476689,,0.0,LOSS,-5.102,polymarket
1776476100,77283.44,DOWN,0.5,4.6296,btc-updown-5m-1776476400,40890818857113227619062498939891131448778306971775717236829729853774099134602,0.46,0.04,0.074074,10.064412,0.726997,0.725986,1,-0.615,-1.0363,1,1776477030,,1.0,WIN,5.4348,polymarket
1776476400,77269.48,DOWN,0.5,13.6719,btc-updown-5m-1776476700,15139285896362794569501900936514102003990708642811332380065736844401606626775,0.36,0.14,0.21875,37.977431,1.0,1.0,1,-0.8111,-1.6833,2,1776477191,,1.0,WIN,24.3056,polymarket
1776476700,77270.02,DOWN,0.5,9.5339,btc-updown-5m-1776477000,81493051251821064896427318892896464040182590470233261523747434033228508733001,0.41,0.09,0.152542,23.253411,0.78502,0.78502,1,4.0271,1.8557,3,1776477491,,0.0,LOSS,-9.5339,polymarket
1776477300,77213.93,UP,0.55,15.0,btc-updown-5m-1776477600,596613085936912126298768784370012650816630422531663094517874394742731883115,0.39,0.16,0.262295,38.461538,0.0,-0.923077,-1,-0.6391,-1.4507,-1,1776478012,,0.0,LOSS,-15.0,polymarket
1776478800,77390.98,UP,0.5,15.0,btc-updown-5m-1776479100,106581380437940199434946321764764325728804861706083446225457508682904260181206,0.34,0.16,0.242424,44.117647,0.118526,0.118526,1,1.7603,-0.4095,2,1776479695,,0.0,LOSS,-15.0,polymarket
1776479100,77372.02,UP,0.5,5.6818,btc-updown-5m-1776479400,56373092568745923793203638214043973950895555224219063618398737330485021163950,0.45,0.05,0.090909,12.626263,0.93374,-0.06626,-1,-0.1469,0.095,-1,1776479995,,0.0,LOSS,-5.6818,polymarket
1776479400,77352.01,UP,0.55,5.102,btc-updown-5m-1776479700,28411479009347804923077178934356794696323707839590462094039384429144471896791,0.51,0.04,0.081633,10.004002,0.002183,-0.997817,-1,-0.7998,-1.1414,-2,1776480316,,1.0,WIN,4.902,polymarket
1776479700,77292.01,UP,0.55,7.3529,btc-updown-5m-1776480000,105454940951523411953253083416391042498205502066941311814553729189480901419223,0.49,0.06,0.117647,15.006002,0.10005,-0.89995,-1,-0.4371,-0.1673,-3,1776480597,,0.0,LOSS,-7.3529,polymarket
1776480300,77348.33,UP,0.55,5.102,btc-updown-5m-1776480600,58540629948611237266847581710907439117529988972522199329009295835638964004187,0.51,0.04,0.081633,10.004002,0.097429,-0.902571,-1,0.4881,-0.9055,-1,1776481178,,0.0,LOSS,-5.102,polymarket
1776480600,77325.01,UP,0.55,5.102,btc-updown-5m-1776480900,81552787647782803868162128140403888427385156611524016810701252952305766180567,0.51,0.04,0.081633,10.004002,0.000865,-0.999135,-1,-0.4435,-0.6351,-2,1776481518,,1.0,WIN,4.902,polymarket
1776481200,77313.57,UP,0.55,5.102,btc-updown-5m-1776481500,109650469381120710716488684060649643249728436614014815728272968707136980501022,0.51,0.04,0.081633,10.004002,0.0,-1.0,-1,-0.198,-0.5825,-1,1776482119,,1.0,WIN,4.902,polymarket
1776481500,77295.98,UP,0.55,6.25,btc-updown-5m-1776481800,11418799554183900290493325001253165430395182582459230051024176009585162343792,0.5,0.05,0.1,12.5,0.0,-1.0,-1,-0.6069,0.131,-2,1776482220,,0.0,LOSS,-6.25,polymarket
1776481800,77319.04,UP,0.55,3.9063,btc-updown-5m-1776482100,47134196268804643782461227969673419577845731892514796410564755750374209036424,0.52,0.03,0.0625,7.512019,0.0,-1.0,-1,-0.8246,-0.9773,-3,1776482721,,0.0,LOSS,-3.9063,polymarket
1776482100,77276.26,UP,0.55,6.25,btc-updown-5m-1776482400,41458799528320912155731727958552774571574095987832865590585745458660137579063,0.5,0.05,0.1,12.5,0.000888,-0.999112,-1,-0.5916,-0.5261,-4,1776483062,,0.0,LOSS,-6.25,polymarket
1776482400,77276.26,UP,0.5,11.2705,btc-updown-5m-1776482700,2318647034022657498807578618548334529030234451429759139112364004741459614325,0.39,0.11,0.180328,28.898697,1.0,1.0,1,-0.7483,-1.1388,1,1776483363,,0.0,LOSS,-11.2705,polymarket
1776483300,77208.74,DOWN,0.5,9.5339,btc-updown-5m-1776483600,48087804640868165270661432608396205669082919151693987930310882651060814708651,0.41,0.09,0.152542,23.253411,0.999246,0.998493,1,0.108,-0.2114,1,1776484184,,0.0,LOSS,-9.5339,polymarket
1776483900,77201.57,DOWN,0.5,3.5377,btc-updown-5m-1776484200,19473333933040974230245708959923302316767142472477616164931000956848542829080,0.47,0.03,0.056604,7.527098,0.895819,0.221173,1,1.1713,1.1747,3,1776484605,,1.0,WIN,3.9894,polymarket
1776484200,77242.01,DOWN,0.5,6.6964,btc-updown-5m-1776484500,60863083821781271292166762286269424195948710774625650939882686641189092439039,0.44,0.06,0.107143,15.219156,0.751642,0.751642,1,2.0075,1.2774,4,1776485186,,1.0,WIN,8.5227,polymarket
1776484800,77029.73,DOWN,0.5,3.5377,btc-updown-5m-1776485100,13500569881962042808265209279697039358154600307489484758299131818178075650335,0.47,0.03,0.056604,7.527098,0.622558,-0.325814,-1,0.5395,1.5607,-1,1776485667,,0.0,LOSS,-3.5377,polymarket
